,Dokumen1,Dokumen2,Dokumen3,Dokumen4,Dokumen5
abad,0.0,0.01615077285559461,0.0,0.06447406332636857,0.0
absen,0.0,0.0,0.0,0.01712441563817804,0.0
abu,0.0,0.0,0.0,0.0,0.12971513892662231
acara,0.0,0.0,0.0,0.011416277092118692,0.0
achterhoek,0.0,0.0,0.0,0.005708138546059346,0.0
acre,0.0,0.0,0.0,0.005708138546059346,0.0
adil,0.0998302744348592,0.0,0.0,0.0,0.0
adopsi,0.0,0.0,0.0,0.005708138546059346,0.0
agama,0.08054243683152218,0.0,0.0,0.00921058047519551,0.0
agung,0.059462075828580485,0.03815562649492372,0.01845855178311895,0.048959254829426625,0.06180995871750392
air,0.020135609207880545,0.0,0.0,0.013815870712793265,0.0
ajar,0.0,0.0,0.0,0.00921058047519551,0.017442226222178066
aju,0.0249575686087148,0.0,0.0,0.0,0.0
akar,0.0,0.0,0.0,0.005708138546059346,0.0
akibat,0.0,0.0,0.0,0.005708138546059346,0.0
aksara,0.0,0.0,0.0,0.005708138546059346,0.0
akses,0.0,0.0,0.0,0.005708138546059346,0.0
alami,0.0,0.0,0.0,0.005708138546059346,0.0
alas,0.020135609207880545,0.0,0.0,0.00921058047519551,0.0
alat,0.0,0.0,0.0,0.005708138546059346,0.0
aleksandria,0.0,0.0,0.0,0.05137324691453412,0.0
aleppo,0.0,0.0,0.0,0.005708138546059346,0.0
algoritme,0.0,0.0,0.0,0.022832554184237384,0.0
alkitab,0.04027121841576109,0.0,0.0,0.013815870712793265,0.0
allah,0.14060658812769494,0.022556109858963436,0.021823943680379022,0.0032158656882999796,0.0
alleluia,0.0,0.0,0.0,0.005708138546059346,0.0
alleluya,0.0,0.02001846666101936,0.0,0.0,0.0
almasih,0.0,0.02001846666101936,0.0,0.0,0.0
alternatif,0.0,0.01615077285559461,0.0,0.004605290237597755,0.0
amal,0.0,0.0,0.0312530449088076,0.0,0.017442226222178066
ambil,0.0334287491331007,0.0,0.025942850477381423,0.011468420730289211,0.0
ambrosius,0.0,0.0,0.0,0.005708138546059346,0.0
amerika,0.0,0.0,0.0,0.03424883127635608,0.0
ampun,0.0,0.02001846666101936,0.0,0.0,0.0
anak,0.08357187283275175,0.013406600429155676,0.0,0.045873682921156844,0.0
analisis,0.0249575686087148,0.0,0.0,0.0,0.0
anastasimon,0.0,0.0,0.0,0.005708138546059346,0.0
and,0.0,0.01615077285559461,0.0,0.004605290237597755,0.0
andaikata,0.0,0.0,0.0,0.005708138546059346,0.0
angers,0.0,0.0,0.0,0.005708138546059346,0.0
anggap,0.0,0.01615077285559461,0.0,0.01842116095039102,0.0
anggota,0.0,0.0,0.0,0.022832554184237384,0.0
anggur,0.0,0.0,0.0,0.011416277092118692,0.0
anglikan,0.0,0.03230154571118922,0.0,0.004605290237597755,0.0
anjur,0.0,0.0,0.0,0.0,0.021619189821103717
anonim,0.0,0.0,0.0,0.005708138546059346,0.0
antiokhia,0.0,0.0,0.0,0.005708138546059346,0.0
antre,0.0,0.0,0.0,0.005708138546059346,0.0
anut,0.0,0.0,0.0,0.005708138546059346,0.0
anyam,0.0249575686087148,0.0,0.0,0.0,0.0
api,0.0,0.0,0.0,0.057081385460593465,0.0
apostolik,0.0,0.0,0.0,0.0,0.04323837964220743
april,0.14094926445516381,0.0,0.0,0.07368464380156407,0.0
ara,0.0,0.12011079996611616,0.0,0.0,0.0
arab,0.0,0.0,0.0,0.01712441563817804,0.0
arah,0.0,0.0,0.0312530449088076,0.0,0.017442226222178066
arak,0.0,0.0,0.0,0.005708138546059346,0.0
aram,0.0,0.0,0.0,0.011416277092118692,0.0
arsip,0.0,0.0,0.0,0.005708138546059346,0.0
arti,0.0,0.0,0.025942850477381423,0.03440526219086763,0.11582898708141044
artikel,0.10067804603940272,0.01615077285559461,0.0,0.0,0.0
arton,0.0,0.0,0.0,0.005708138546059346,0.0
artos,0.0,0.0,0.0,0.005708138546059346,0.0
as,0.0,0.0,0.0,0.01712441563817804,0.0
asa,0.0,0.0,0.0,0.005708138546059346,0.0
asia,0.0,0.0,0.0,0.011416277092118692,0.0
asli,0.0,0.0,0.0,0.005708138546059346,0.0
asosiasi,0.0,0.0,0.0312530449088076,0.004605290237597755,0.0
astre,0.0,0.0,0.0,0.005708138546059346,0.0
astronomi,0.0,0.0,0.0,0.011416277092118692,0.0
astronomical,0.0249575686087148,0.0,0.0,0.0,0.0
astronomis,0.0,0.0,0.0,0.028540692730296732,0.0
asupan,0.0,0.0,0.0,0.0,0.06485756946331116
atur,0.0,0.0,0.0,0.004605290237597755,0.1046533573330684
australia,0.020135609207880545,0.0,0.0,0.004605290237597755,0.0
austria,0.0,0.0,0.0,0.005708138546059346,0.0
ayam,0.0499151372174296,0.0,0.0,0.0,0.0
ayat,0.0,0.0,0.0,0.011416277092118692,0.0
azumos,0.0,0.0,0.0,0.005708138546059346,0.0
baca,0.0,0.04021980128746703,0.07782855143214426,0.015291227640385614,0.0
bagan,0.0,0.0,0.0,0.005708138546059346,0.0
bahan,0.0,0.0,0.0,0.005708138546059346,0.0
baharu,0.0,0.02001846666101936,0.0,0.0,0.0
bahas,0.0,0.0,0.0,0.005708138546059346,0.0
bahasa,0.0,0.01615077285559461,0.0,0.1335534168903349,0.0
bait,0.05014312369965104,0.013406600429155676,0.0,0.0038228069100964034,0.0
bakti,0.0,0.01615077285559461,0.0,0.07368464380156407,0.0
bakung,0.0,0.0,0.0,0.005708138546059346,0.0
banding,0.0,0.0,0.0,0.005708138546059346,0.0
bangkit,0.0334287491331007,0.0,0.025942850477381423,0.08410175202212088,0.0
bangsa,0.020135609207880545,0.0,0.0,0.01842116095039102,0.0
bangun,0.04027121841576109,0.0,0.0,0.004605290237597755,0.0
bantu,0.0,0.0,0.0,0.005708138546059346,0.0
bapa,0.0,0.02001846666101936,0.0,0.0,0.0
baptis,0.0,0.0,0.0,0.01712441563817804,0.0
bar,0.0,0.0,0.0,0.005708138546059346,0.0
barabas,0.0499151372174296,0.0,0.0,0.0,0.0
barat,0.05014312369965104,0.013406600429155676,0.0,0.015291227640385614,0.0
baratgregorian,0.0,0.0,0.0,0.005708138546059346,0.0
basuh,0.020135609207880545,0.2745631385451084,0.0,0.0,0.0
batang,0.0249575686087148,0.0,0.0,0.0,0.0
batu,0.020135609207880545,0.0,0.0,0.00921058047519551,0.0
bawa,0.07030329406384747,0.011278054929481718,0.021823943680379022,0.0032158656882999796,0.0
beban,0.0,0.0,0.0,0.0,0.021619189821103717
bebas,0.0499151372174296,0.0,0.0,0.0,0.0
beda,0.023784830331432194,0.01907781324746186,0.01845855178311895,0.03807942042288738,0.010301659786250654
bede,0.0,0.0,0.0,0.011416277092118692,0.0
bel,0.0,0.08007386664407744,0.0,0.0,0.0
belah,0.12478784304357401,0.0,0.0,0.0,0.0
belanda,0.0,0.0,0.0,0.01712441563817804,0.0
belanja,0.0,0.0,0.0,0.005708138546059346,0.0
belarusia,0.0,0.0,0.0,0.005708138546059346,0.0
belas,0.0,0.013406600429155676,0.0,0.0038228069100964034,0.014478623385176305
bell,0.0,0.0,0.0,0.005708138546059346,0.0
bendera,0.0,0.0,0.0,0.005708138546059346,0.0
benediktin,0.0,0.0,0.0,0.005708138546059346,0.0
bentuk,0.0,0.01615077285559461,0.0,0.02763174142558653,0.0
benua,0.0,0.0,0.0,0.005708138546059346,0.0
berdoae,0.0,0.0,0.0,0.005708138546059346,0.0
berita,0.0,0.0,0.0,0.005708138546059346,0.0
berkat,0.0,0.01615077285559461,0.0,0.01842116095039102,0.0
berliner,0.0,0.0,0.0,0.005708138546059346,0.0
bersih,0.0,0.01615077285559461,0.0,0.00921058047519551,0.0
betapa,0.0249575686087148,0.0,0.0,0.0,0.0
bewarna,0.0,0.0,0.0,0.005708138546059346,0.0
biar,0.0249575686087148,0.0,0.0,0.0,0.0
biara,0.0,0.0,0.0,0.005708138546059346,0.0
biarawan,0.0,0.0,0.0,0.011416277092118692,0.0
bidat,0.0,0.0,0.0,0.005708138546059346,0.0
bina,0.0,0.0,0.0,0.0,0.021619189821103717
biru,0.0,0.0,0.038737343603070074,0.0,0.0
bis,0.0,0.0,0.0,0.005708138546059346,0.0
bizantium,0.0,0.02001846666101936,0.0,0.0,0.0
bobbio,0.0,0.0,0.0,0.005708138546059346,0.0
bohemia,0.0,0.0,0.0,0.005708138546059346,0.0
bola,0.0,0.0,0.0,0.03995696982241542,0.0
book,0.0,0.02001846666101936,0.0,0.0,0.0
bosnia,0.0,0.0,0.0,0.005708138546059346,0.0
brian,0.0,0.02001846666101936,0.0,0.0,0.0
britania,0.0,0.01615077285559461,0.0,0.004605290237597755,0.0
buah,0.014060658812769493,0.056390274647408596,0.021823943680379022,0.028942791194699818,0.0
buang,0.0249575686087148,0.0,0.0,0.0,0.0
bubuh,0.0,0.0,0.0,0.005708138546059346,0.0
budak,0.0,0.02001846666101936,0.0,0.0,0.0
budaya,0.0,0.01615077285559461,0.0,0.004605290237597755,0.0
buka,0.014060658812769493,0.011278054929481718,0.021823943680379022,0.006431731376599959,0.0
bukit,0.0249575686087148,0.0,0.0,0.0,0.0
buku,0.0,0.03230154571118922,0.0,0.023026451187988774,0.0
bulgaria,0.0,0.0,0.0,0.005708138546059346,0.0
buluh,0.0499151372174296,0.0,0.0,0.0,0.0
bumi,0.0499151372174296,0.0,0.0,0.0,0.0
bunda,0.0,0.0,0.0,0.011416277092118692,0.0
bunyi,0.0,0.01615077285559461,0.0,0.00921058047519551,0.0
buru,0.0,0.0,0.0,0.011416277092118692,0.0
cahaya,0.0,0.01615077285559461,0.0,0.004605290237597755,0.0
cakup,0.0,0.0,0.0,0.005708138546059346,0.0
calculation,0.0,0.0,0.0,0.005708138546059346,0.0
calendar,0.0,0.0,0.0,0.005708138546059346,0.0
campur,0.0,0.0,0.038737343603070074,0.0,0.0
candra,0.0,0.0,0.0,0.03424883127635608,0.0
capai,0.0,0.0,0.0312530449088076,0.01842116095039102,0.0
cari,0.020135609207880545,0.0,0.0,0.00921058047519551,0.0
caritas,0.0,0.02001846666101936,0.0,0.0,0.0
carolina,0.0,0.0,0.0,0.005708138546059346,0.0
cartagena,0.0,0.0,0.0,0.005708138546059346,0.0
castille,0.0,0.0,0.0,0.005708138546059346,0.0
catat,0.01671437456655035,0.0,0.025942850477381423,0.01911403455048202,0.0
ceko,0.0,0.0,0.0,0.005708138546059346,0.0
cerita,0.0,0.0,0.0,0.011416277092118692,0.0
cf,0.0,0.0,0.0,0.011416277092118692,0.0
cipta,0.0,0.01615077285559461,0.0,0.004605290237597755,0.0
city,0.0,0.0,0.0,0.005708138546059346,0.0
coba,0.0249575686087148,0.0,0.0,0.0,0.0
cokelat,0.0,0.0,0.0,0.005708138546059346,0.0
computus,0.020135609207880545,0.0,0.0,0.00921058047519551,0.0
conka,0.0,0.0,0.0,0.005708138546059346,0.0
contoh,0.0,0.0,0.0,0.005708138546059346,0.0
covenant,0.0,0.02001846666101936,0.0,0.0,0.0
crucifixionis,0.0,0.0,0.0,0.005708138546059346,0.0
cuci,0.0,0.04003693332203872,0.0,0.0,0.0
daerah,0.0,0.0,0.0,0.01712441563817804,0.0
daging,0.0,0.0,0.0,0.023026451187988774,0.06976890488871226
damai,0.0,0.01615077285559461,0.0312530449088076,0.0,0.0
dandan,0.0,0.0,0.0,0.005708138546059346,0.0
darah,0.0334287491331007,0.013406600429155676,0.0,0.007645613820192807,0.0
daridipengaruhi,0.0,0.0,0.0,0.005708138546059346,0.0
dasar,0.014060658812769493,0.022556109858963436,0.0,0.019295194129799877,0.024359748872083104
daun,0.0,0.0,0.4261107796337708,0.0,0.0
de,0.0,0.0,0.0,0.01712441563817804,0.0
debat,0.0,0.0,0.0,0.005708138546059346,0.0
debu,0.0,0.02001846666101936,0.0,0.0,0.0
decembrica,0.0,0.0,0.0,0.005708138546059346,0.0
dekorasi,0.0,0.0,0.0,0.005708138546059346,0.0
delapan,0.0,0.0,0.0,0.005708138546059346,0.0
dengar,0.04027121841576109,0.0,0.0312530449088076,0.0,0.0
denmark,0.0,0.0,0.0,0.011416277092118692,0.0
denominasi,0.0,0.02001846666101936,0.0,0.0,0.0
derita,0.0,0.0,0.0,0.00921058047519551,0.017442226222178066
desember,0.0,0.0,0.0,0.011416277092118692,0.0
dewan,0.0,0.0,0.0,0.011416277092118692,0.0
dewasa,0.0,0.0,0.0,0.0,0.04323837964220743
dewi,0.0,0.0,0.0,0.011416277092118692,0.0
dgd,0.0,0.0,0.0,0.022832554184237384,0.0
diam,0.0249575686087148,0.0,0.0,0.0,0.0
die,0.0,0.0,0.0,0.011416277092118692,0.0
diei,0.0,0.0,0.0,0.005708138546059346,0.0
dies,0.0,0.0,0.0,0.005708138546059346,0.0
dikuburkana,0.0,0.0,0.0,0.005708138546059346,0.0
dingin,0.0,0.0,0.0,0.011416277092118692,0.0
dionysius,0.0,0.0,0.0,0.005708138546059346,0.0
dll,0.0,0.0,0.0,0.005708138546059346,0.0
doa,0.028121317625538985,0.11278054929481719,0.0,0.009647597064899939,0.024359748872083104
dolorosa,0.0,0.0,0.0,0.028540692730296732,0.0
domba,0.0,0.01615077285559461,0.0,0.06447406332636857,0.0
dominica,0.0,0.0,0.0,0.005708138546059346,0.0
dosa,0.0,0.0,0.025942850477381423,0.0038228069100964034,0.07239311692588153
dosamembersihkan,0.0,0.02001846666101936,0.0,0.0,0.0
duduk,0.04027121841576109,0.0,0.0,0.004605290237597755,0.0
duga,0.020135609207880545,0.0,0.0,0.004605290237597755,0.0
duka,0.0,0.0,0.0,0.005708138546059346,0.0
dunia,0.0,0.04021980128746703,0.0,0.0038228069100964034,0.02895724677035261
durandus,0.0,0.0,0.0,0.005708138546059346,0.0
duri,0.0249575686087148,0.0,0.0,0.0,0.0
dusta,0.0249575686087148,0.0,0.0,0.0,0.0
easter,0.0,0.0,0.0,0.022832554184237384,0.0
easterosterberg,0.0,0.0,0.0,0.005708138546059346,0.0
ecclesiastica,0.0,0.0,0.0,0.005708138546059346,0.0
ecclesiastical,0.0,0.0,0.0,0.011416277092118692,0.0
edda,0.0,0.0,0.0,0.005708138546059346,0.0
eja,0.0,0.0,0.0,0.011416277092118692,0.0
ekaristi,0.0,0.06460309142237844,0.0,0.013815870712793265,0.0
ekonomi,0.0,0.0,0.0,0.005708138546059346,0.0
ekor,0.0,0.0,0.0,0.005708138546059346,0.0
eks,0.0,0.0,0.0,0.005708138546059346,0.0
eleanor,0.0,0.02001846666101936,0.0,0.0,0.0
elemen,0.0,0.0,0.0,0.005708138546059346,0.0
embolismik,0.0,0.0,0.0,0.005708138546059346,0.0
enampuluh,0.0,0.0,0.0,0.0,0.021619189821103717
engkau,0.2994908233045776,0.0,0.0,0.0,0.0
epifani,0.0,0.0,0.0,0.005708138546059346,0.0
epifania,0.0,0.0,0.0,0.005708138546059346,0.0
epifanius,0.0,0.0,0.0,0.005708138546059346,0.0
equinox,0.020135609207880545,0.0,0.0,0.013815870712793265,0.0
eropa,0.0,0.0,0.0,0.05137324691453412,0.0
erti,0.0,0.0,0.0312530449088076,0.0,0.017442226222178066
estre,0.0,0.0,0.0,0.005708138546059346,0.0
estreeostre,0.0,0.0,0.0,0.005708138546059346,0.0
etimologi,0.0,0.0,0.0,0.005708138546059346,0.0
exiguus,0.0,0.0,0.0,0.005708138546059346,0.0
exultet,0.0,0.0,0.0,0.005708138546059346,0.0
fajar,0.0,0.0,0.0,0.01712441563817804,0.0
faroe,0.0,0.0,0.0,0.005708138546059346,0.0
favorit,0.0,0.0,0.0,0.005708138546059346,0.0
festa,0.0,0.0,0.0,0.005708138546059346,0.0
festival,0.0,0.0,0.0,0.03424883127635608,0.0
festorum,0.0,0.0,0.0,0.011416277092118692,0.0
festum,0.0,0.0,0.0,0.011416277092118692,0.0
filharmonik,0.0,0.0,0.0,0.005708138546059346,0.0
filipina,0.0,0.01615077285559461,0.0,0.00921058047519551,0.0
finlandia,0.0,0.0,0.0,0.005708138546059346,0.0
florida,0.0,0.0,0.0,0.005708138546059346,0.0
fokus,0.0,0.0,0.038737343603070074,0.0,0.0
formula,0.0,0.0,0.0,0.005708138546059346,0.0
foto,0.0,0.02001846666101936,0.0,0.0,0.0
friday,0.0,0.0,0.0,0.005708138546059346,0.0
gabung,0.0,0.0,0.0,0.005708138546059346,0.0
galia,0.0,0.0,0.0,0.005708138546059346,0.0
gambar,0.0,0.01615077285559461,0.0312530449088076,0.0,0.0
ganda,0.0,0.0,0.0,0.005708138546059346,0.0
ganti,0.0,0.02681320085831135,0.0,0.015291227640385614,0.014478623385176305
gantung,0.0,0.0,0.0,0.005708138546059346,0.0
garam,0.0,0.0,0.0,0.0,0.04323837964220743
garis,0.0,0.02001846666101936,0.0,0.0,0.0
gauss,0.0,0.0,0.0,0.005708138546059346,0.0
gedung,0.020135609207880545,0.0,0.0,0.00921058047519551,0.0
gejah,0.0,0.0,0.0,0.005708138546059346,0.0
gelar,0.0,0.0,0.0,0.011416277092118692,0.0
geleng,0.0249575686087148,0.0,0.0,0.0,0.0
gelinding,0.0,0.0,0.0,0.005708138546059346,0.0
gembala,0.0,0.0,0.0,0.0,0.021619189821103717
gempa,0.0499151372174296,0.0,0.0,0.0,0.0
genap,0.0,0.0,0.0,0.004605290237597755,0.0523266786665342
geografis,0.0,0.02001846666101936,0.0,0.0,0.0
gerak,0.0,0.06005539998305808,0.0,0.0,0.0
gereja,0.04756966066286439,0.11446687948477115,0.09229275891559474,0.1332779714801058,0.06180995871750392
gerejawi,0.0,0.0,0.0,0.05137324691453412,0.0
getsemani,0.020135609207880545,0.0,0.0,0.004605290237597755,0.0
giat,0.0,0.013406600429155676,0.0,0.007645613820192807,0.014478623385176305
giles,0.0,0.02001846666101936,0.0,0.0,0.0
gloria,0.0,0.0,0.0,0.005708138546059346,0.0
gods,0.0,0.0,0.0,0.005708138546059346,0.0
golgota,0.0499151372174296,0.0,0.0,0.0,0.0
gong,0.0,0.02001846666101936,0.0,0.0,0.0
gongbel,0.0,0.02001846666101936,0.0,0.0,0.0
good,0.0,0.0,0.0,0.005708138546059346,0.0
great,0.0,0.02001846666101936,0.0,0.0,0.0
gregorian,0.10067804603940272,0.0,0.0,0.0506581926135753,0.0
gregorianl,0.0,0.0,0.0,0.005708138546059346,0.0
gua,0.0,0.0,0.0,0.005708138546059346,0.0
gula,0.0,0.0,0.0,0.0,0.021619189821103717
guling,0.0,0.0,0.0,0.005708138546059346,0.0
gunung,0.0,0.0,0.0,0.011416277092118692,0.0
guru,0.0,0.06005539998305808,0.0,0.0,0.0
gustav,0.0,0.0,0.0,0.011416277092118692,0.0
gusur,0.0,0.0,0.0,0.005708138546059346,0.0
habis,0.0249575686087148,0.0,0.0,0.0,0.0
hadap,0.1996605488697184,0.0,0.0,0.0,0.0
haec,0.0,0.0,0.0,0.005708138546059346,0.0
hai,0.0748727058261444,0.0,0.0,0.0,0.0
hak,0.0249575686087148,0.0,0.0,0.0,0.0
halaman,0.020135609207880545,0.0,0.0,0.013815870712793265,0.0
hamba,0.0,0.02001846666101936,0.0,0.0,0.0
hapus,0.0,0.0,0.0,0.005708138546059346,0.0
harap,0.0,0.0,0.0,0.005708138546059346,0.0
hasil,0.0,0.0,0.0,0.022832554184237384,0.0
hati,0.0,0.02001846666101936,0.0,0.0,0.0
hening,0.0,0.0,0.0,0.005708138546059346,0.0
henti,0.0,0.0,0.0,0.004605290237597755,0.03488445244435613
heran,0.0249575686087148,0.0,0.0,0.0,0.0
hias,0.0,0.0,0.0,0.005708138546059346,0.0
hidang,0.0,0.0,0.0,0.011416277092118692,0.0
hidup,0.01671437456655035,0.0,0.025942850477381423,0.0038228069100964034,0.0
hijau,0.0,0.0,0.07747468720614015,0.0,0.0
hilang,0.0,0.0,0.0,0.011416277092118692,0.0
hina,0.0,0.04003693332203872,0.0,0.0,0.0
hindar,0.0,0.0,0.0,0.005708138546059346,0.0
historia,0.0,0.0,0.0,0.005708138546059346,0.0
historis,0.0,0.0,0.0,0.005708138546059346,0.0
history,0.0,0.0,0.0,0.005708138546059346,0.0
hitung,0.07030329406384747,0.011278054929481718,0.0,0.10933943340219932,0.012179874436041552
holiday,0.0,0.0,0.0,0.005708138546059346,0.0
holy,0.0,0.2001846666101936,0.0,0.0,0.0
homili,0.0,0.01615077285559461,0.0,0.004605290237597755,0.0
hormat,0.0,0.0,0.0,0.011416277092118692,0.0
hubung,0.0,0.0,0.0312530449088076,0.03684232190078204,0.0
hujat,0.0499151372174296,0.0,0.0,0.0,0.0
hukum,0.10028624739930209,0.0,0.0,0.011468420730289211,0.04343587015552891
hulu,0.0,0.0,0.0,0.005708138546059346,0.0
huruf,0.0,0.0,0.0,0.011416277092118692,0.0
ibadah,0.0,0.1072528034332454,0.025942850477381423,0.0038228069100964034,0.0
ibadat,0.0,0.02001846666101936,0.0,0.0,0.0
ibrani,0.0,0.0,0.0,0.03424883127635608,0.0
icon,0.0,0.02001846666101936,0.0,0.0,0.0
iconography,0.0,0.02001846666101936,0.0,0.0,0.0
identik,0.0,0.0,0.0,0.005708138546059346,0.0
ii,0.0,0.0,0.0,0.005708138546059346,0.0
iii,0.0,0.0,0.0,0.005708138546059346,0.0
ikan,0.0,0.0,0.0,0.0,0.04323837964220743
ikat,0.0,0.0,0.0,0.0,0.06485756946331116
ilahi,0.0,0.0,0.0,0.0,0.021619189821103717
ilham,0.0,0.0,0.0,0.005708138546059346,0.0
ilmiah,0.0249575686087148,0.0,0.0,0.0,0.0
ilmu,0.0,0.0,0.0,0.005708138546059346,0.0
ilmuwan,0.0249575686087148,0.0,0.0,0.0,0.0
imam,0.0668574982662014,0.0536264017166227,0.0,0.0038228069100964034,0.0
iman,0.0,0.0,0.0,0.004605290237597755,0.03488445244435613
in,0.0,0.0,0.0,0.011416277092118692,0.0
indonesia,0.0,0.0,0.0,0.02763174142558653,0.1046533573330684
inggris,0.0,0.06460309142237844,0.0,0.023026451187988774,0.0
injak,0.0,0.01615077285559461,0.0,0.0,0.03488445244435613
injil,0.0,0.0536264017166227,0.051885700954762845,0.011468420730289211,0.0
inklusif,0.0,0.0,0.0,0.01712441563817804,0.0
inklusifk,0.0,0.0,0.0,0.005708138546059346,0.0
instrumen,0.0,0.0,0.038737343603070074,0.0,0.0
iring,0.0,0.01615077285559461,0.0,0.004605290237597755,0.0
irlandia,0.0,0.01615077285559461,0.0,0.004605290237597755,0.0
isa,0.0,0.02001846666101936,0.0,0.0,0.0
isaac,0.0249575686087148,0.0,0.0,0.0,0.0
islandia,0.0,0.0,0.0,0.005708138546059346,0.0
israel,0.020135609207880545,0.0,0.0,0.00921058047519551,0.0
istilah,0.0,0.0,0.0,0.1013163852271506,0.017442226222178066
istimewa,0.0,0.01615077285559461,0.0312530449088076,0.0,0.0
italia,0.0,0.0,0.0,0.022832554184237384,0.0
iur,0.0,0.0,0.0,0.0,0.021619189821103717
iv,0.0,0.0,0.0,0.005708138546059346,0.0
jadwal,0.0,0.0,0.0,0.005708138546059346,0.0
jaga,0.0499151372174296,0.0,0.0,0.0,0.0
jahat,0.0249575686087148,0.0,0.0,0.0,0.0
jajan,0.0,0.0,0.0,0.0,0.021619189821103717
jalan,0.0,0.013406600429155676,0.0,0.022936841460578422,0.02895724677035261
jam,0.0,0.0,0.0,0.011416277092118692,0.0
jamin,0.0,0.0,0.0,0.005708138546059346,0.0
jamu,0.01671437456655035,0.06703300214577838,0.0,0.057342103651446055,0.0
janji,0.0,0.0,0.0,0.03995696982241542,0.0
januari,0.0,0.0,0.0,0.005708138546059346,0.0
jarang,0.0,0.01615077285559461,0.0,0.01842116095039102,0.0
jatuh,0.08436395287661695,0.0,0.021823943680379022,0.05466971670109966,0.012179874436041552
jawa,0.0,0.0,0.0,0.005708138546059346,0.0
jelang,0.0,0.0,0.0,0.022832554184237384,0.0
jemaat,0.0,0.01615077285559461,0.0,0.03684232190078204,0.0
jerman,0.0,0.0,0.0,0.03995696982241542,0.0
jermanik,0.0,0.0,0.0,0.005708138546059346,0.0
jiwa,0.0,0.0,0.0312530449088076,0.0,0.017442226222178066
john,0.0,0.02001846666101936,0.0,0.0,0.0
jual,0.0,0.0,0.0,0.005708138546059346,0.0
jubah,0.0499151372174296,0.0,0.0,0.0,0.0
judul,0.0,0.0,0.0,0.005708138546059346,0.0
jugendorchester,0.0,0.0,0.0,0.005708138546059346,0.0
juli,0.060406827623641635,0.0,0.0,0.05526348285117306,0.0
juluk,0.0,0.0,0.0,0.005708138546059346,0.0
jumat,0.10703173649144487,0.00953890662373093,0.01845855178311895,0.043519337626157,0.12361991743500785
kabung,0.0,0.0,0.0,0.005708138546059346,0.0
kacau,0.0249575686087148,0.0,0.0,0.0,0.0
kaisar,0.0,0.0,0.0,0.005708138546059346,0.0
kaisarmenghimpun,0.0,0.0,0.0,0.005708138546059346,0.0
kait,0.0,0.01615077285559461,0.0,0.00921058047519551,0.0
kaki,0.0,0.42038779988140657,0.0,0.0,0.0
kalender,0.15042937109895313,0.02681320085831135,0.0,0.12615262803318134,0.0
kali,0.023784830331432194,0.00953890662373093,0.01845855178311895,0.0217596688130785,0.010301659786250654
kalimat,0.0,0.0,0.0,0.005708138546059346,0.0
kalvari,0.0249575686087148,0.0,0.0,0.0,0.0
kamis,0.0,0.20996004712272995,0.0,0.02763174142558653,0.0
kanan,0.04027121841576109,0.0,0.0,0.004605290237597755,0.0
kanon,0.0,0.0,0.0,0.005708138546059346,0.0
kanonik,0.0,0.0,0.0,0.0,0.06485756946331116
kapel,0.0,0.0,0.0,0.01712441563817804,0.0
kapela,0.0,0.0,0.0,0.011416277092118692,0.0
karel,0.0,0.0,0.0,0.005708138546059346,0.0
kartu,0.0,0.0,0.0,0.011416277092118692,0.0
karunia,0.0,0.02001846666101936,0.0,0.0,0.0
karya,0.0,0.0,0.0,0.0,0.04323837964220743
kasihan,0.0,0.02001846666101936,0.0,0.0,0.0
kati,0.0,0.0,0.0,0.022832554184237384,0.0
katolik,0.0,0.033834164788445156,0.021823943680379022,0.038590388259599755,0.1461584932324986
kaum,0.0,0.0,0.0,0.011416277092118692,0.0
kaya,0.0,0.02001846666101936,0.0,0.0,0.0
kayafas,0.0249575686087148,0.0,0.0,0.0,0.0
kayu,0.028121317625538985,0.022556109858963436,0.021823943680379022,0.006431731376599959,0.0
kecuali,0.0,0.01615077285559461,0.0,0.004605290237597755,0.0
keikutsertaan,0.0,0.0,0.038737343603070074,0.0,0.0
keju,0.0,0.0,0.0,0.005708138546059346,0.0
kel,0.0,0.02001846666101936,0.0,0.0,0.0
keledai,0.0,0.0,0.0,0.005708138546059346,0.0
keliling,0.0249575686087148,0.0,0.0,0.0,0.0
kelinci,0.0,0.0,0.0,0.01712441563817804,0.0
kelompok,0.020135609207880545,0.0,0.0,0.013815870712793265,0.0
keltik,0.0,0.0,0.0,0.011416277092118692,0.0
keluarga,0.0,0.0,0.0,0.005708138546059346,0.0
kena,0.05014312369965104,0.0,0.0,0.007645613820192807,0.014478623385176305
kenal,0.0,0.0,0.0,0.03424883127635608,0.0
kenan,0.020135609207880545,0.0,0.0,0.00921058047519551,0.0
kenang,0.0,0.0536264017166227,0.10377140190952569,0.0,0.014478623385176305
kenisah,0.0,0.0,0.0,0.005708138546059346,0.0
kenyang,0.0,0.0,0.0,0.0,0.08647675928441487
kepala,0.1497454116522888,0.0,0.0,0.0,0.0
keranjang,0.0,0.0,0.0,0.005708138546059346,0.0
kerap,0.0,0.0,0.038737343603070074,0.0,0.0
keras,0.0249575686087148,0.0,0.0,0.0,0.0
kerja,0.0,0.02681320085831135,0.025942850477381423,0.007645613820192807,0.0
ketat,0.0,0.0,0.0,0.005708138546059346,0.0
ketigab,0.0,0.0,0.0,0.005708138546059346,0.0
khk,0.0,0.0,0.0,0.0,0.04323837964220743
khusus,0.0,0.013406600429155676,0.0,0.0038228069100964034,0.02895724677035261
kidung,0.0,0.0,0.0,0.005708138546059346,0.0
kilometer,0.0,0.0,0.0,0.005708138546059346,0.0
kiril,0.0,0.0,0.0,0.005708138546059346,0.0
kirim,0.0,0.0,0.0,0.005708138546059346,0.0
kisah,0.0,0.0,0.0312530449088076,0.013815870712793265,0.0
kitab,0.01671437456655035,0.0,0.0,0.007645613820192807,0.02895724677035261
kj,0.0,0.0,0.0,0.011416277092118692,0.0
klasik,0.0,0.0,0.0,0.005708138546059346,0.0
kodifikasi,0.0,0.0,0.0,0.0,0.021619189821103717
kognasi,0.0,0.0,0.0,0.005708138546059346,0.0
kokok,0.0499151372174296,0.0,0.0,0.0,0.0
kompleks,0.0,0.0,0.0,0.011416277092118692,0.0
komuni,0.0,0.01615077285559461,0.0,0.00921058047519551,0.0
komunitas,0.0,0.0,0.0,0.005708138546059346,0.0
konduktor,0.0,0.0,0.0,0.005708138546059346,0.0
konferensi,0.0,0.0,0.0,0.0,0.1080959491055186
konfirmasi,0.0,0.0,0.0,0.005708138546059346,0.0
kongres,0.0,0.0,0.0,0.011416277092118692,0.0
konsantinopel,0.0,0.0,0.0,0.005708138546059346,0.0
konsili,0.0,0.0,0.0,0.03424883127635608,0.0
konstantinopel,0.0,0.0,0.0,0.005708138546059346,0.0
konstitusi,0.0,0.0,0.0,0.0,0.04323837964220743
konsumsi,0.0,0.0,0.0,0.0,0.08647675928441487
konteks,0.0,0.02001846666101936,0.0,0.0,0.0
kontemporer,0.0,0.0,0.0,0.0,0.021619189821103717
kontroversi,0.0,0.0,0.0,0.005708138546059346,0.0
konvensi,0.0,0.0,0.0,0.005708138546059346,0.0
konversi,0.0,0.0,0.0,0.005708138546059346,0.0
koor,0.0,0.0,0.0,0.011416277092118692,0.0
koptik,0.0,0.01615077285559461,0.0,0.004605290237597755,0.0
kor,0.0,0.02001846666101936,0.0,0.0,0.0
korban,0.0,0.0,0.0,0.028540692730296732,0.0
korintus,0.0,0.0,0.0,0.011416277092118692,0.0
kostum,0.0,0.0,0.0,0.005708138546059346,0.0
kota,0.01671437456655035,0.0,0.12971425238690712,0.045873682921156844,0.0
kotbah,0.0,0.0,0.0,0.011416277092118692,0.0
kotor,0.0,0.02001846666101936,0.0,0.0,0.0
krisostomos,0.0,0.0,0.0,0.005708138546059346,0.0
kristen,0.0,0.02681320085831135,0.051885700954762845,0.11850701421298851,0.0
kristiani,0.0,0.0,0.0,0.013815870712793265,0.03488445244435613
kristus,0.023784830331432194,0.03815562649492372,0.0369171035662379,0.01087983440653925,0.010301659786250654
kroasia,0.0,0.0,0.0,0.005708138546059346,0.0
kuat,0.0,0.0,0.0,0.01712441563817804,0.0
kubur,0.020135609207880545,0.0,0.0,0.01842116095039102,0.0
kucil,0.0,0.0,0.0,0.011416277092118692,0.0
kudus,0.0334287491331007,0.02681320085831135,0.0,0.022936841460578422,0.0
kue,0.0,0.0,0.0,0.005708138546059346,0.0
kumpul,0.020135609207880545,0.0,0.0,0.004605290237597755,0.0
kuning,0.0,0.0,0.038737343603070074,0.0,0.0
kunjung,0.0,0.0,0.0,0.005708138546059346,0.0
kuno,0.0,0.0,0.0,0.01712441563817804,0.0
kwi,0.0,0.0,0.0,0.0,0.04323837964220743
la,0.0,0.0,0.0,0.005708138546059346,0.0
laga,0.0,0.0,0.0,0.005708138546059346,0.0
lagu,0.0,0.04845231856678383,0.0,0.00921058047519551,0.0
lahir,0.0,0.0,0.0,0.005708138546059346,0.0
laksana,0.0,0.0,0.0,0.0,0.17295351856882973
laku,0.011892415165716097,0.13354469273223302,0.01845855178311895,0.013599793008174063,0.08241327829000523
lamanyaj,0.0,0.0,0.0,0.005708138546059346,0.0
lambang,0.0,0.0,0.0,0.03424883127635608,0.0
lampau,0.0,0.0,0.0,0.005708138546059346,0.0
lampir,0.0,0.0,0.0,0.005708138546059346,0.0
landas,0.0,0.0,0.0,0.005708138546059346,0.0
langgar,0.0,0.0,0.0,0.0,0.021619189821103717
langit,0.0249575686087148,0.0,0.0,0.0,0.0
langsung,0.0,0.04021980128746703,0.0,0.030582455280771227,0.02895724677035261
larang,0.0,0.0,0.0,0.011416277092118692,0.0
larantuka,0.0,0.0,0.0,0.005708138546059346,0.0
latin,0.0,0.0,0.0,0.05986877308877082,0.017442226222178066
layak,0.0,0.01615077285559461,0.0,0.004605290237597755,0.0
layan,0.0,0.1453569557003515,0.0,0.004605290237597755,0.0
lazarus,0.0,0.0,0.0,0.005708138546059346,0.0
le,0.0,0.0,0.0,0.005708138546059346,0.0
lemas,0.0249575686087148,0.0,0.0,0.0,0.0
lempar,0.0,0.0,0.0,0.011416277092118692,0.0
lengkap,0.0,0.0,0.0,0.011416277092118692,0.0
leo,0.0,0.0,0.0,0.005708138546059346,0.0
lepas,0.0,0.0,0.0,0.005708138546059346,0.0
letak,0.0,0.0,0.038737343603070074,0.0,0.0
lfis,0.0,0.0,0.0,0.005708138546059346,0.0
libertas,0.0,0.0,0.0,0.005708138546059346,0.0
libur,0.0,0.0,0.0,0.011416277092118692,0.0
lihat,0.12081365524728327,0.0,0.0,0.023026451187988774,0.0
lilin,0.0,0.0,0.0,0.011416277092118692,0.0
lin,0.0,0.0,0.0,0.005708138546059346,0.0
ling,0.0,0.02001846666101936,0.0,0.0,0.0
lingkar,0.0,0.02001846666101936,0.0,0.0,0.0
liput,0.0,0.0,0.0,0.005708138546059346,0.0
liturgi,0.0,0.013406600429155676,0.10377140190952569,0.030582455280771227,0.0
liturgis,0.0,0.0,0.0,0.005708138546059346,0.0
lonceng,0.0,0.01615077285559461,0.0,0.00921058047519551,0.0
london,0.0,0.0,0.0,0.005708138546059346,0.0
lqiy,0.0,0.0,0.0,0.005708138546059346,0.0
luang,0.0,0.0,0.0,0.0,0.021619189821103717
luas,0.0,0.0,0.0,0.005708138546059346,0.0
ludah,0.0249575686087148,0.0,0.0,0.0,0.0
lukas,0.014060658812769493,0.011278054929481718,0.021823943680379022,0.0032158656882999796,0.0
lupa,0.0,0.0,0.0,0.005708138546059346,0.0
lutheran,0.0,0.01615077285559461,0.0,0.004605290237597755,0.0
lutut,0.020135609207880545,0.01615077285559461,0.0,0.0,0.0
ma,0.0,0.0,0.0,0.011416277092118692,0.0
machine,0.0,0.0,0.0,0.005708138546059346,0.0
madah,0.0,0.04003693332203872,0.0,0.0,0.0
mahakuasa,0.0249575686087148,0.0,0.0,0.0,0.0
mahakudus,0.0,0.06005539998305808,0.0,0.0,0.0
mahkamah,0.0998302744348592,0.0,0.0,0.0,0.0
mahkota,0.0249575686087148,0.0,0.0,0.0,0.0
mahler,0.0,0.0,0.0,0.011416277092118692,0.0
main,0.0,0.0,0.0,0.04566510836847477,0.0
makan,0.0,0.0,0.0,0.032237031663184285,0.2965178457770271
makna,0.0,0.011278054929481718,0.021823943680379022,0.012863462753199918,0.012179874436041552
maksud,0.0,0.01615077285559461,0.0312530449088076,0.0,0.0
malam,0.014060658812769493,0.04511221971792687,0.0,0.07074904514259955,0.012179874436041552
malammalam,0.0,0.0,0.0,0.005708138546059346,0.0
malta,0.0,0.0,0.0,0.005708138546059346,0.0
manusia,0.020135609207880545,0.03230154571118922,0.0,0.0,0.0
marcos,0.0,0.0,0.0,0.005708138546059346,0.0
maret,0.10067804603940272,0.0,0.0,0.10592167546474836,0.0
maria,0.0,0.0,0.0,0.022832554184237384,0.0
markus,0.01671437456655035,0.013406600429155676,0.025942850477381423,0.0,0.0
maronite,0.0,0.02001846666101936,0.0,0.0,0.0
martir,0.0,0.0,0.07747468720614015,0.0,0.0
masehi,0.0499151372174296,0.0,0.0,0.0,0.0
masuk,0.011892415165716097,0.01907781324746186,0.05537565534935684,0.027199586016348126,0.02060331957250131
matahari,0.0,0.0,0.0,0.03424883127635608,0.0
mataharivernal,0.0,0.0,0.0,0.005708138546059346,0.0
mater,0.0,0.0,0.0,0.022832554184237384,0.0
mati,0.12654592931492545,0.011278054929481718,0.1091197184018951,0.03537452257129978,0.0
matins,0.0,0.0,0.0,0.011416277092118692,0.0
matius,0.1337149965324028,0.013406600429155676,0.025942850477381423,0.0,0.0
maundy,0.0,0.2001846666101936,0.0,0.0,0.0
mayoritas,0.0,0.0,0.0,0.005708138546059346,0.0
mazmur,0.0,0.01615077285559461,0.0,0.004605290237597755,0.0
median,0.0,0.0,0.0,0.005708138546059346,0.0
meeus,0.0,0.0,0.0,0.005708138546059346,0.0
mei,0.04027121841576109,0.0,0.0,0.00921058047519551,0.0
melambang,0.0,0.0,0.0312530449088076,0.023026451187988774,0.0
melayu,0.0,0.0,0.0,0.005708138546059346,0.0
meletios,0.0,0.0,0.0,0.005708138546059346,0.0
melito,0.0,0.0,0.0,0.005708138546059346,0.0
menang,0.01671437456655035,0.0,0.10377140190952569,0.007645613820192807,0.0
menara,0.0,0.0,0.0,0.005708138546059346,0.0
mentega,0.0,0.0,0.0,0.011416277092118692,0.0
menu,0.0,0.0,0.0,0.011416277092118692,0.0
merah,0.0,0.0,0.0,0.004605290237597755,0.017442226222178066
meridian,0.0,0.0,0.0,0.011416277092118692,0.0
merubuhkan,0.0499151372174296,0.0,0.0,0.0,0.0
mesias,0.04027121841576109,0.0,0.0,0.004605290237597755,0.0
mesir,0.0,0.0,0.0,0.01712441563817804,0.0
methodist,0.0,0.02001846666101936,0.0,0.0,0.0
metode,0.020135609207880545,0.0,0.0,0.04605290237597755,0.0
metodis,0.0,0.02001846666101936,0.0,0.0,0.0
mexico,0.0,0.0,0.0,0.005708138546059346,0.0
milik,0.0,0.013406600429155676,0.025942850477381423,0.03822806910096404,0.0
minggu,0.0334287491331007,0.0,0.33725705620595847,0.23319122151588062,0.0
minor,0.0,0.0,0.0,0.005708138546059346,0.0
minum,0.0,0.0,0.0,0.0,0.021619189821103717
minyak,0.0,0.02001846666101936,0.0,0.0,0.0
misa,0.0,0.06460309142237844,0.0,0.02763174142558653,0.0
misi,0.0,0.0,0.0,0.005708138546059346,0.0
misteri,0.0,0.02001846666101936,0.0,0.0,0.0
modern,0.0,0.0,0.0,0.028540692730296732,0.0
montanis,0.0,0.0,0.0,0.005708138546059346,0.0
montes,0.0,0.0,0.0,0.005708138546059346,0.0
moravia,0.0,0.0,0.0,0.011416277092118692,0.0
mozarabik,0.0,0.0,0.0,0.005708138546059346,0.0
muas,0.0,0.0,0.0,0.005708138546059346,0.0
muda,0.0,0.0,0.0,0.011416277092118692,0.0
mufakat,0.0,0.0,0.0,0.005708138546059346,0.0
mulia,0.0,0.03230154571118922,0.0312530449088076,0.0,0.0
murid,0.0,0.06005539998305808,0.0,0.0,0.0
musa,0.0,0.0,0.0,0.005708138546059346,0.0
musik,0.0,0.0,0.0,0.03424883127635608,0.0
musim,0.0,0.0,0.09375913472642279,0.05986877308877082,0.0
mysteries,0.0,0.02001846666101936,0.0,0.0,0.0
nabi,0.0,0.0,0.0,0.005708138546059346,0.0
nali,0.0249575686087148,0.0,0.0,0.0,0.0
nama,0.0,0.17765850141154071,0.0,0.04605290237597755,0.0
nantes,0.0,0.0,0.0,0.005708138546059346,0.0
natal,0.0,0.0,0.0,0.01712441563817804,0.0
natividad,0.0,0.0,0.0,0.005708138546059346,0.0
negara,0.0,0.013406600429155676,0.0,0.022936841460578422,0.04343587015552891
negeri,0.10067804603940272,0.0,0.0,0.004605290237597755,0.0
nestorius,0.0,0.0,0.0,0.005708138546059346,0.0
new,0.0,0.0,0.0,0.005708138546059346,0.0
newton,0.0249575686087148,0.0,0.0,0.0,0.0
ng,0.0,0.0,0.0,0.005708138546059346,0.0
nicaea,0.0,0.0,0.0,0.005708138546059346,0.0
nicea,0.0,0.0,0.0,0.011416277092118692,0.0
niceadalam,0.0,0.0,0.0,0.005708138546059346,0.0
nisan,0.0,0.0,0.0,0.05137324691453412,0.0
nodfyr,0.0,0.0,0.0,0.005708138546059346,0.0
nonaktif,0.0249575686087148,0.0,0.0,0.0,0.0
norma,0.0,0.0,0.0,0.0,0.021619189821103717
normal,0.0,0.0,0.0,0.005708138546059346,0.0
north,0.0,0.0,0.0,0.005708138546059346,0.0
norwegia,0.0,0.0,0.0,0.011416277092118692,0.0
nuansa,0.0,0.0,0.0,0.005708138546059346,0.0
nubuat,0.0,0.0,0.0,0.005708138546059346,0.0
nusa,0.0,0.0,0.0,0.005708138546059346,0.0
nusantara,0.0,0.0,0.0,0.005708138546059346,0.0
nya,0.020135609207880545,0.0,0.0,0.004605290237597755,0.0
nyala,0.0,0.0,0.0,0.03995696982241542,0.0
nyanyi,0.0,0.0,0.0312530449088076,0.0506581926135753,0.0
nyaring,0.020135609207880545,0.0,0.0,0.004605290237597755,0.0
nyata,0.0,0.013406600429155676,0.07782855143214426,0.0038228069100964034,0.0
of,0.01671437456655035,0.02681320085831135,0.0,0.007645613820192807,0.0
oktaf,0.0,0.0,0.0,0.01712441563817804,0.0
olahraga,0.0,0.0,0.0,0.011416277092118692,0.0
opera,0.0,0.0,0.0,0.005708138546059346,0.0
orang,0.19027864265145755,0.057233439742385574,0.0369171035662379,0.048959254829426625,0.06180995871750392
orangtua,0.0,0.0,0.0,0.0,0.021619189821103717
oriental,0.0,0.0,0.0,0.01712441563817804,0.0
orkestra,0.0,0.0,0.0,0.011416277092118692,0.0
ornamen,0.0,0.0,0.038737343603070074,0.0,0.0
orthodoks,0.0,0.02001846666101936,0.0,0.0,0.0
ortodoks,0.0,0.04845231856678383,0.0,0.01842116095039102,0.0
oster,0.0,0.0,0.0,0.005708138546059346,0.0
osterfestspiele,0.0,0.0,0.0,0.005708138546059346,0.0
osterfeuer,0.0,0.0,0.0,0.005708138546059346,0.0
ostern,0.0,0.0,0.0,0.011416277092118692,0.0
ostre,0.0,0.0,0.0,0.011416277092118692,0.0
otoritas,0.0,0.0,0.0,0.005708138546059346,0.0
oyak,0.0249575686087148,0.0,0.0,0.0,0.0
paask,0.0,0.0,0.0,0.005708138546059346,0.0
paaske,0.0,0.0,0.0,0.005708138546059346,0.0
paasvuur,0.0,0.0,0.0,0.005708138546059346,0.0
padam,0.0,0.02001846666101936,0.0,0.0,0.0
padatahun,0.0,0.0,0.0,0.0,0.021619189821103717
paenitemini,0.0,0.0,0.0,0.0,0.04323837964220743
pagan,0.0,0.0,0.0,0.011416277092118692,0.0
paganisme,0.0,0.0,0.0,0.005708138546059346,0.0
pagi,0.0,0.0,0.0,0.04566510836847477,0.0
pagkabuhay,0.0,0.0,0.0,0.005708138546059346,0.0
paisken,0.0,0.0,0.0,0.005708138546059346,0.0
pakai,0.01671437456655035,0.06703300214577838,0.0,0.0038228069100964034,0.0
palem,0.0,0.0,0.503585466839911,0.0,0.0
palma,0.0,0.0,0.312530449088076,0.01842116095039102,0.0
palsu,0.0249575686087148,0.0,0.0,0.0,0.0
pandang,0.0,0.0,0.0,0.005708138546059346,0.0
panggang,0.0,0.0,0.0,0.005708138546059346,0.0
panggil,0.0249575686087148,0.0,0.0,0.0,0.0
pantang,0.0,0.0,0.0,0.0,0.605337314990904
parfum,0.0,0.02001846666101936,0.0,0.0,0.0
paroki,0.0,0.0,0.0,0.011416277092118692,0.0
pas,0.0,0.0,0.0,0.011416277092118692,0.0
pasang,0.020135609207880545,0.0,0.0,0.004605290237597755,0.0
pasch,0.0,0.0,0.0,0.011416277092118692,0.0
pascha,0.0,0.0,0.0,0.03424883127635608,0.0
paschalia,0.0,0.0,0.0,0.005708138546059346,0.0
paschalis,0.0,0.0,0.0,0.011416277092118692,0.0
paschein,0.0,0.0,0.0,0.005708138546059346,0.0
paschen,0.0,0.0,0.0,0.005708138546059346,0.0
pascua,0.0,0.0,0.0,0.028540692730296732,0.0
pasen,0.0,0.0,0.0,0.005708138546059346,0.0
pask,0.0,0.0,0.0,0.005708138546059346,0.0
paskah,0.08436395287661695,0.033834164788445156,0.021823943680379022,0.6881952572961957,0.0
paskahpranala,0.0249575686087148,0.0,0.0,0.0,0.0
paskha,0.0,0.0,0.0,0.022832554184237384,0.0
paskhapascha,0.0,0.0,0.0,0.005708138546059346,0.0
pasko,0.0,0.0,0.0,0.011416277092118692,0.0
pasqua,0.0,0.0,0.0,0.005708138546059346,0.0
pastor,0.0,0.0,0.0,0.03424883127635608,0.0
pastur,0.0,0.02001846666101936,0.0,0.0,0.0
pasu,0.0499151372174296,0.0,0.0,0.0,0.0
pasuk,0.0,0.0,0.0625060898176152,0.0,0.017442226222178066
patok,0.0,0.0,0.0,0.005708138546059346,0.0
patriark,0.0,0.0,0.0,0.005708138546059346,0.0
patung,0.0,0.0,0.0,0.028540692730296732,0.0
paulus,0.0,0.0,0.0,0.013815870712793265,0.017442226222178066
pauluslah,0.0,0.0,0.0,0.005708138546059346,0.0
paus,0.0,0.0,0.0,0.01842116095039102,0.017442226222178066
pecah,0.0,0.01615077285559461,0.0,0.004605290237597755,0.0
pedang,0.0249575686087148,0.0,0.0,0.0,0.0
peduli,0.0,0.0,0.0,0.01712441563817804,0.0
pegang,0.0,0.0,0.0,0.005708138546059346,0.0
pek,0.0,0.0,0.0,0.01712441563817804,0.0
pekan,0.0,0.013406600429155676,0.051885700954762845,0.04969648983125324,0.0
pendeta,0.0,0.0,0.0,0.01712441563817804,0.0
pengaruh,0.0,0.02001846666101936,0.0,0.0,0.0
pengkianatan,0.0,0.02001846666101936,0.0,0.0,0.0
pentakosta,0.0,0.0,0.0,0.022832554184237384,0.0
pentakostarion,0.0,0.0,0.0,0.005708138546059346,0.0
pentecostes,0.0,0.0,0.0,0.005708138546059346,0.0
pentung,0.0249575686087148,0.0,0.0,0.0,0.0
penuh,0.0,0.0,0.025942850477381423,0.015291227640385614,0.014478623385176305
peran,0.0,0.02001846666101936,0.0,0.0,0.0
percaya,0.020135609207880545,0.0,0.0,0.01842116095039102,0.0
percik,0.0,0.0,0.0,0.011416277092118692,0.0
perempuan,0.0,0.02001846666101936,0.0,0.0,0.0
pergi,0.04027121841576109,0.0,0.0,0.004605290237597755,0.0
perhintungan,0.0,0.0,0.0,0.005708138546059346,0.0
peri,0.0,0.0,0.0,0.005708138546059346,0.0
perintah,0.01671437456655035,0.013406600429155676,0.0,0.0038228069100964034,0.0
periode,0.020135609207880545,0.0,0.0,0.004605290237597755,0.0
peristiwa,0.01671437456655035,0.0,0.10377140190952569,0.01911403455048202,0.0
perlahan,0.0,0.0,0.0,0.005708138546059346,0.0
perlambang,0.0,0.0,0.0,0.005708138546059346,0.0
permanen,0.0249575686087148,0.0,0.0,0.0,0.0
permen,0.0,0.0,0.0,0.005708138546059346,0.0
pesa,0.0,0.0,0.0,0.011416277092118692,0.0
pesach,0.0,0.0,0.0,0.005708138546059346,0.0
pesakh,0.0,0.0,0.0,0.011416277092118692,0.0
pesakhc,0.0,0.0,0.0,0.005708138546059346,0.0
pesan,0.0,0.02001846666101936,0.0,0.0,0.0
petrus,0.060406827623641635,0.01615077285559461,0.0,0.0,0.0
philharmoniker,0.0,0.0,0.0,0.005708138546059346,0.0
pilatus,0.1497454116522888,0.0,0.0,0.0,0.0
pilih,0.0,0.0,0.0,0.0,0.021619189821103717
pimpin,0.0,0.01615077285559461,0.0,0.00921058047519551,0.0
pindah,0.0,0.04845231856678383,0.0,0.00921058047519551,0.0
pinjam,0.0,0.0,0.0,0.005708138546059346,0.0
pintu,0.0,0.0,0.0,0.005708138546059346,0.0
pisah,0.0,0.0,0.0,0.005708138546059346,0.0
plural,0.0,0.0,0.0,0.011416277092118692,0.0
pokok,0.0,0.0,0.0,0.005708138546059346,0.0
polandia,0.0,0.0,0.0,0.011416277092118692,0.0
pontius,0.0499151372174296,0.0,0.0,0.0,0.0
populasi,0.0,0.0,0.0,0.005708138546059346,0.0
populer,0.0,0.0,0.0,0.028540692730296732,0.0
porsi,0.0,0.01615077285559461,0.0,0.0,0.017442226222178066
prancis,0.0,0.0,0.0,0.028540692730296732,0.0
prapaskah,0.0,0.0,0.0,0.0,0.06485756946331116
presbiterian,0.0,0.02001846666101936,0.0,0.0,0.0
pribadi,0.0,0.0,0.0,0.0,0.06485756946331116
proklamasi,0.0,0.0,0.0,0.005708138546059346,0.0
proses,0.0,0.04003693332203872,0.0,0.0,0.0
prosesi,0.0,0.0,0.0312530449088076,0.041447612138379795,0.0
protestan,0.0,0.0,0.0,0.011416277092118692,0.0
provinsi,0.0,0.0,0.0,0.011416277092118692,0.0
pskov,0.0,0.02001846666101936,0.0,0.0,0.0
puasa,0.0,0.0,0.0,0.023026451187988774,0.40117120311009546
puji,0.0,0.0,0.0,0.005708138546059346,0.0
puluh,0.0,0.0,0.0,0.03995696982241542,0.0
puncak,0.0,0.0,0.0,0.013815870712793265,0.017442226222178066
purnama,0.060406827623641635,0.0,0.0,0.05986877308877082,0.0
putar,0.0,0.0,0.0,0.03424883127635608,0.0
putih,0.0,0.1615077285559461,0.0,0.02763174142558653,0.0
putus,0.0,0.0,0.0,0.028540692730296732,0.0
puy,0.0,0.0,0.0,0.005708138546059346,0.0
quartodeciman,0.0,0.0,0.0,0.005708138546059346,0.0
ques,0.0,0.0,0.0,0.01712441563817804,0.0
rabu,0.01671437456655035,0.0,0.0,0.007645613820192807,0.08687174031105782
ragi,0.0,0.0,0.0,0.01712441563817804,0.0
raja,0.0998302744348592,0.0,0.0,0.0,0.0
raksasa,0.0,0.0,0.0,0.005708138546059346,0.0
rakyat,0.0249575686087148,0.0,0.0,0.0,0.0
rambut,0.0,0.02001846666101936,0.0,0.0,0.0
rasul,0.0,0.01615077285559461,0.0,0.00921058047519551,0.0
ratus,0.0,0.0,0.0,0.011416277092118692,0.0
raya,0.0,0.10150249436533547,0.043647887360758045,0.22511059818099857,0.024359748872083104
reformasi,0.0,0.01615077285559461,0.0,0.013815870712793265,0.0
registrasi,0.0,0.0,0.038737343603070074,0.0,0.0
rekomendasi,0.0,0.0,0.0,0.0,0.021619189821103717
rela,0.0,0.0,0.0,0.005708138546059346,0.0
rendah,0.0,0.06005539998305808,0.0,0.0,0.0
resmi,0.0,0.06703300214577838,0.025942850477381423,0.007645613820192807,0.0
resurrectionis,0.0,0.0,0.0,0.01712441563817804,0.0
revisi,0.0,0.0,0.0,0.011416277092118692,0.0
rezurekcja,0.0,0.0,0.0,0.005708138546059346,0.0
rhein,0.0,0.0,0.0,0.005708138546059346,0.0
rhine,0.0,0.0,0.0,0.005708138546059346,0.0
riah,0.0,0.0,0.0,0.005708138546059346,0.0
ribu,0.0,0.0,0.0,0.022832554184237384,0.0
rinci,0.020135609207880545,0.0,0.0,0.0,0.017442226222178066
rincian,0.0249575686087148,0.0,0.0,0.0,0.0
ritme,0.0,0.02001846666101936,0.0,0.0,0.0
ritual,0.0,0.03230154571118922,0.0,0.00921058047519551,0.0
ritus,0.0,0.03230154571118922,0.0,0.02763174142558653,0.0
roberts,0.0,0.02001846666101936,0.0,0.0,0.0
roh,0.0,0.0,0.0,0.005708138546059346,0.0
rohani,0.0,0.0,0.0,0.004605290237597755,0.017442226222178066
rokok,0.0,0.0,0.0,0.0,0.04323837964220743
roma,0.0,0.033834164788445156,0.021823943680379022,0.05466971670109966,0.012179874436041552
roman,0.0,0.0,0.0,0.005708138546059346,0.0
romans,0.0,0.0,0.0,0.005708138546059346,0.0
romawi,0.04027121841576109,0.0,0.0,0.013815870712793265,0.0
roti,0.0,0.03230154571118922,0.0,0.03684232190078204,0.0
rotid,0.0,0.0,0.0,0.005708138546059346,0.0
ruang,0.0,0.0,0.0312530449088076,0.00921058047519551,0.0
rujuk,0.0,0.0,0.0312530449088076,0.004605290237597755,0.0
rumah,0.0,0.0,0.0,0.01712441563817804,0.0
rumus,0.0,0.0,0.0,0.005708138546059346,0.0
rupa,0.0,0.02681320085831135,0.0,0.06498771747163885,0.02895724677035261
rusia,0.0,0.0,0.0,0.01712441563817804,0.0
sabat,0.0,0.0,0.0,0.005708138546059346,0.0
sabbath,0.0,0.0,0.0,0.005708138546059346,0.0
sabda,0.0,0.02001846666101936,0.0,0.0,0.0
sabit,0.0249575686087148,0.0,0.0,0.0,0.0
sabtu,0.0,0.0,0.0,0.06849766255271215,0.0
sabtuminggu,0.0,0.02001846666101936,0.0,0.0,0.0
saji,0.0,0.0,0.0,0.022832554184237384,0.0
sakit,0.0,0.0,0.0,0.005708138546059346,0.0
sakral,0.0,0.0,0.0,0.005708138546059346,0.0
sakramen,0.0,0.04845231856678383,0.0,0.041447612138379795,0.0
saksi,0.0748727058261444,0.0,0.0,0.0,0.0
salah,0.028121317625538985,0.011278054929481718,0.0,0.019295194129799877,0.024359748872083104
salam,0.01671437456655035,0.02681320085831135,0.0,0.0038228069100964034,0.0
saleh,0.0,0.0,0.0,0.0,0.021619189821103717
salib,0.21090988219154239,0.011278054929481718,0.021823943680379022,0.019295194129799877,0.0
salju,0.0,0.0,0.038737343603070074,0.0,0.0
salubong,0.0,0.0,0.0,0.011416277092118692,0.0
salzburg,0.0,0.0,0.0,0.011416277092118692,0.0
salzburger,0.0,0.0,0.0,0.005708138546059346,0.0
sambung,0.0,0.0,0.0,0.005708138546059346,0.0
sambut,0.0,0.0,0.0,0.005708138546059346,0.0
samping,0.0,0.0,0.0,0.005708138546059346,0.0
samun,0.0249575686087148,0.0,0.0,0.0,0.0
sancto,0.0,0.0,0.0,0.005708138546059346,0.0
sang,0.0,0.0,0.0,0.01712441563817804,0.0
sangkal,0.04027121841576109,0.0,0.0,0.0,0.017442226222178066
sanhedrin,0.0249575686087148,0.0,0.0,0.0,0.0
santap,0.0,0.0,0.0,0.01712441563817804,0.0
sarap,0.0,0.0,0.0,0.0,0.021619189821103717
sarapanpagi,0.0,0.0,0.0,0.005708138546059346,0.0
sardis,0.0,0.0,0.0,0.005708138546059346,0.0
saudara,0.0,0.0,0.0,0.005708138546059346,0.0
saxon,0.0,0.0,0.0,0.005708138546059346,0.0
scha,0.0,0.0,0.0,0.005708138546059346,0.0
scholasticus,0.0,0.0,0.0,0.005708138546059346,0.0
sebar,0.0,0.0,0.0,0.01712441563817804,0.0
seder,0.0,0.0,0.0,0.011416277092118692,0.0
sederhana,0.0,0.0,0.0,0.011416277092118692,0.0
sedih,0.0249575686087148,0.0,0.0,0.0,0.0
sejarah,0.0,0.01615077285559461,0.0,0.004605290237597755,0.0
sejarawan,0.0,0.0,0.0,0.005708138546059346,0.0
sejati,0.0,0.0,0.0,0.004605290237597755,0.017442226222178066
sekolah,0.0,0.02001846666101936,0.0,0.0,0.0
sekularisasi,0.0,0.0,0.0,0.005708138546059346,0.0
sekuler,0.0,0.0,0.0,0.011416277092118692,0.0
sekutu,0.0,0.01615077285559461,0.0,0.004605290237597755,0.0
selamat,0.08054243683152218,0.0,0.0,0.00921058047519551,0.0
selandia,0.0,0.0,0.0,0.005708138546059346,0.0
selasa,0.0,0.0,0.0,0.005708138546059346,0.0
selatan,0.0,0.0,0.0,0.005708138546059346,0.0
selenggara,0.0,0.0,0.0,0.03424883127635608,0.0
selesai,0.0,0.01615077285559461,0.0,0.00921058047519551,0.0
selisih,0.0,0.0,0.0,0.011416277092118692,0.0
sembah,0.0,0.04003693332203872,0.0,0.0,0.0
sembunyi,0.0,0.0,0.0,0.005708138546059346,0.0
semi,0.0,0.0,0.0625060898176152,0.04605290237597755,0.0
semit,0.0,0.0,0.0,0.011416277092118692,0.0
sendu,0.0,0.0,0.0,0.005708138546059346,0.0
sengsara,0.0,0.0,0.15565710286428852,0.0038228069100964034,0.014478623385176305
senin,0.0,0.0,0.0,0.03424883127635608,0.0
sepakat,0.0,0.01615077285559461,0.0,0.00921058047519551,0.0
serah,0.060406827623641635,0.04845231856678383,0.0,0.0,0.0
serbia,0.0,0.0,0.0,0.005708138546059346,0.0
serikat,0.0,0.0,0.0,0.022832554184237384,0.0
serombong,0.0249575686087148,0.0,0.0,0.0,0.0
seru,0.0499151372174296,0.0,0.0,0.0,0.0
sesah,0.0499151372174296,0.0,0.0,0.0,0.0
sesal,0.0,0.0,0.0,0.005708138546059346,0.0
sesuai,0.0,0.0,0.0,0.03424883127635608,0.0
setia,0.0,0.0,0.0,0.0,0.021619189821103717
sevile,0.0,0.0,0.0,0.005708138546059346,0.0
seville,0.0,0.0,0.0,0.005708138546059346,0.0
siang,0.0,0.0,0.0,0.0,0.04323837964220743
sikap,0.0,0.0,0.0,0.005708138546059346,0.0
siklus,0.0,0.0,0.0,0.03995696982241542,0.0
siksa,0.04027121841576109,0.0,0.0312530449088076,0.0,0.0
simbol,0.0,0.06703300214577838,0.12971425238690712,0.007645613820192807,0.0
simbolis,0.0,0.01615077285559461,0.0,0.00921058047519551,0.0
simbolisme,0.0,0.0,0.0,0.005708138546059346,0.0
singkat,0.0,0.0,0.0,0.005708138546059346,0.0
sinode,0.0,0.0,0.0,0.011416277092118692,0.0
sinoptik,0.0,0.01615077285559461,0.0,0.004605290237597755,0.0
sipil,0.0,0.0,0.0,0.005708138546059346,0.0
siria,0.0,0.02001846666101936,0.0,0.0,0.0
sistem,0.0,0.0,0.0,0.022832554184237384,0.0
sistematis,0.0,0.0,0.0,0.005708138546059346,0.0
situ,0.0249575686087148,0.0,0.0,0.0,0.0
situasi,0.0,0.0,0.0,0.005708138546059346,0.0
sk,0.0,0.0,0.0,0.005708138546059346,0.0
skandinavia,0.0,0.0,0.0,0.005708138546059346,0.0
skar,0.0,0.0,0.0,0.005708138546059346,0.0
ske,0.0,0.0,0.0,0.005708138546059346,0.0
ski,0.0,0.0,0.0,0.005708138546059346,0.0
skir,0.0,0.0,0.0,0.005708138546059346,0.0
skotlandia,0.0,0.01615077285559461,0.0,0.004605290237597755,0.0
slavia,0.0,0.0,0.0,0.01712441563817804,0.0
slavonia,0.0,0.0,0.0,0.005708138546059346,0.0
society,0.0249575686087148,0.0,0.0,0.0,0.0
socrates,0.0,0.0,0.0,0.01712441563817804,0.0
sons,0.0,0.0,0.0,0.005708138546059346,0.0
sore,0.0,0.01615077285559461,0.0,0.013815870712793265,0.0
south,0.0249575686087148,0.0,0.0,0.0,0.0
spanyol,0.0,0.0,0.0,0.028540692730296732,0.0
spring,0.0,0.0,0.0,0.005708138546059346,0.0
st,0.0,0.02001846666101936,0.0,0.0,0.0
standar,0.0,0.0,0.0,0.005708138546059346,0.0
staurosimon,0.0,0.0,0.0,0.005708138546059346,0.0
ster,0.0,0.0,0.0,0.005708138546059346,0.0
stra,0.0,0.0,0.0,0.005708138546059346,0.0
strar,0.0,0.0,0.0,0.005708138546059346,0.0
strara,0.0,0.0,0.0,0.005708138546059346,0.0
stre,0.0,0.0,0.0,0.005708138546059346,0.0
stron,0.0,0.0,0.0,0.011416277092118692,0.0
suara,0.020135609207880545,0.0,0.0,0.004605290237597755,0.0
subuh,0.0,0.0,0.0,0.01712441563817804,0.0
subur,0.0,0.0,0.0,0.005708138546059346,0.0
suci,0.042181976438308476,0.033834164788445156,0.043647887360758045,0.06110144807769961,0.0
sucibahasa,0.0,0.02001846666101936,0.0,0.0,0.0
sui,0.0,0.0,0.0,0.0,0.021619189821103717
suka,0.0,0.0,0.0,0.005708138546059346,0.0
sukacita,0.0,0.0,0.0,0.01712441563817804,0.0
sumber,0.0,0.03230154571118922,0.0,0.00921058047519551,0.0
sungguh,0.0249575686087148,0.0,0.0,0.0,0.0
sunyi,0.0,0.0,0.0,0.005708138546059346,0.0
surgawi,0.0,0.0,0.0,0.005708138546059346,0.0
suriah,0.0,0.0,0.0,0.005708138546059346,0.0
suruh,0.0249575686087148,0.0,0.0,0.0,0.0
surya,0.0,0.0,0.0,0.01712441563817804,0.0
suryacandra,0.0,0.0,0.0,0.028540692730296732,0.0
swedia,0.0,0.0,0.0,0.011416277092118692,0.0
syahid,0.0,0.0,0.038737343603070074,0.0,0.0
syelamin,0.0,0.0,0.0,0.005708138546059346,0.0
syukur,0.0,0.06005539998305808,0.0,0.0,0.0
tabel,0.0,0.0,0.0,0.01712441563817804,0.0
tabir,0.0249575686087148,0.0,0.0,0.0,0.0
tahan,0.0,0.0,0.0,0.0,0.04323837964220743
takut,0.0249575686087148,0.0,0.0,0.0,0.0
taman,0.020135609207880545,0.0,0.0,0.004605290237597755,0.0
tampil,0.0499151372174296,0.0,0.0,0.0,0.0
tanah,0.0,0.01615077285559461,0.0,0.004605290237597755,0.0
tanda,0.0,0.02681320085831135,0.0,0.0038228069100964034,0.014478623385176305
tangan,0.060406827623641635,0.0,0.0,0.01842116095039102,0.0
tanggal,0.26176291970244714,0.0,0.0,0.21644864116709447,0.0
tanggalnyag,0.0,0.0,0.0,0.005708138546059346,0.0
tanggap,0.0,0.02001846666101936,0.0,0.0,0.0
tanggung,0.0249575686087148,0.0,0.0,0.0,0.0
tapak,0.0,0.0,0.0,0.005708138546059346,0.0
tara,0.0,0.0,0.0,0.005708138546059346,0.0
tarik,0.0,0.0,0.0,0.005708138546059346,0.0
taruh,0.0499151372174296,0.0,0.0,0.0,0.0
tata,0.0,0.18016619994917424,0.0,0.0,0.0
tatione,0.0,0.0,0.0,0.005708138546059346,0.0
taurat,0.0249575686087148,0.0,0.0,0.0,0.0
tebus,0.0,0.02001846666101936,0.0,0.0,0.0
tekan,0.0,0.0,0.0,0.005708138546059346,0.0
teknik,0.0,0.02001846666101936,0.0,0.0,0.0
tekun,0.0,0.0,0.0,0.005708138546059346,0.0
teladan,0.0,0.04845231856678383,0.0,0.0,0.017442226222178066
telanjang,0.0,0.02001846666101936,0.0,0.0,0.0
telur,0.0,0.0,0.0,0.07991393964483084,0.0
tema,0.0,0.0,0.0,0.011416277092118692,0.0
temu,0.0,0.01615077285559461,0.0,0.02763174142558653,0.0
tenggara,0.0,0.0,0.0,0.005708138546059346,0.0
tenggelam,0.0,0.0,0.0,0.005708138546059346,0.0
teologi,0.0,0.02001846666101936,0.0,0.0,0.0
terang,0.0,0.12920618284475688,0.0,0.004605290237597755,0.0
terap,0.0,0.0,0.0,0.005708138546059346,0.0
terbit,0.0,0.0,0.0,0.005708138546059346,0.0
teriak,0.0249575686087148,0.0,0.0,0.0,0.0
terima,0.0,0.01615077285559461,0.0,0.013815870712793265,0.0
terjemah,0.0,0.0,0.0,0.011416277092118692,0.0
ternak,0.0,0.0,0.0,0.005708138546059346,0.0
terpa,0.0,0.0,0.0,0.005708138546059346,0.0
teutonik,0.0,0.0,0.0,0.011416277092118692,0.0
the,0.0,0.0,0.0,0.011416277092118692,0.0
thursday,0.0,0.4404062665424259,0.0,0.0,0.0
tiang,0.0,0.0,0.0,0.011416277092118692,0.0
tidur,0.0,0.0,0.0,0.005708138546059346,0.0
tilas,0.0,0.0,0.0,0.005708138546059346,0.0
timbang,0.0,0.02001846666101936,0.0,0.0,0.0
timbul,0.01671437456655035,0.0,0.0,0.0038228069100964034,0.04343587015552891
timur,0.05014312369965104,0.013406600429155676,0.0,0.030582455280771227,0.0
timurjulian,0.0,0.0,0.0,0.005708138546059346,0.0
tindak,0.0,0.04003693332203872,0.0,0.0,0.0
tinggal,0.020135609207880545,0.0,0.0,0.00921058047519551,0.0
tiru,0.0,0.0,0.038737343603070074,0.0,0.0
titah,0.0,0.0,0.0,0.005708138546059346,0.0
titik,0.0,0.0,0.0,0.011416277092118692,0.0
tiup,0.0,0.0,0.0,0.005708138546059346,0.0
tobat,0.0,0.01615077285559461,0.0,0.0,0.12209558355524645
tolak,0.0,0.0,0.0,0.005708138546059346,0.0
total,0.0,0.0,0.0,0.005708138546059346,0.0
tradiri,0.0,0.0,0.0,0.005708138546059346,0.0
tradisi,0.0,0.013406600429155676,0.025942850477381423,0.08410175202212088,0.0
tradisional,0.0,0.02001846666101936,0.0,0.0,0.0
triduum,0.0,0.0,0.0,0.005708138546059346,0.0
trihari,0.0,0.0,0.0,0.005708138546059346,0.0
trompet,0.0,0.0,0.0,0.005708138546059346,0.0
tua,0.0,0.0,0.0,0.011416277092118692,0.0
tuan,0.0,0.0,0.0,0.022832554184237384,0.0
tubuh,0.0,0.03230154571118922,0.0,0.004605290237597755,0.0
tuduh,0.0499151372174296,0.0,0.0,0.0,0.0
tugas,0.0,0.0,0.0,0.005708138546059346,0.0
tugur,0.0,0.0,0.0,0.01712441563817804,0.0
tuhan,0.0,0.011278054929481718,0.021823943680379022,0.009647597064899939,0.012179874436041552
tuju,0.0,0.0,0.0625060898176152,0.00921058047519551,0.0
tujuh,0.0,0.0,0.0,0.013815870712793265,0.017442226222178066
tulis,0.020135609207880545,0.0,0.0,0.023026451187988774,0.0
tuntun,0.0,0.0,0.0,0.011416277092118692,0.0
turis,0.0,0.0,0.0,0.005708138546059346,0.0
turun,0.04027121841576109,0.0,0.0,0.00921058047519551,0.0
tutup,0.0,0.03230154571118922,0.0,0.004605290237597755,0.0
twente,0.0,0.0,0.0,0.005708138546059346,0.0
tyrol,0.0,0.0,0.0,0.005708138546059346,0.0
ubah,0.0,0.0,0.0,0.011416277092118692,0.0
ubi,0.0,0.02001846666101936,0.0,0.0,0.0
ukrainia,0.0,0.0,0.0,0.005708138546059346,0.0
ulang,0.0,0.0,0.0312530449088076,0.004605290237597755,0.0
umat,0.0,0.07894638450637202,0.13094366208227412,0.03537452257129978,0.08525912105229086
umur,0.0,0.0,0.0,0.004605290237597755,0.017442226222178066
undi,0.0249575686087148,0.0,0.0,0.0,0.0
undur,0.0,0.0,0.0,0.005708138546059346,0.0
ungu,0.0249575686087148,0.0,0.0,0.0,0.0
united,0.0,0.02001846666101936,0.0,0.0,0.0
unjung,0.0,0.0,0.0,0.011416277092118692,0.0
unsur,0.0,0.0,0.0,0.005708138546059346,0.0
upacara,0.0,0.06460309142237844,0.0,0.013815870712793265,0.0
urap,0.0,0.0,0.0,0.005708138546059346,0.0
urus,0.0249575686087148,0.0,0.0,0.0,0.0
urut,0.0,0.04003693332203872,0.0,0.0,0.0
usaha,0.01671437456655035,0.0,0.0,0.0038228069100964034,0.014478623385176305
usap,0.0,0.02001846666101936,0.0,0.0,0.0
usia,0.0,0.0,0.0,0.004605290237597755,0.17442226222178064
uskrs,0.0,0.0,0.0,0.011416277092118692,0.0
uskup,0.0,0.013406600429155676,0.0,0.03822806910096404,0.02895724677035261
uskupdi,0.0,0.0,0.0,0.005708138546059346,0.0
usul,0.0,0.0,0.0,0.022832554184237384,0.0
utama,0.059462075828580485,0.00953890662373093,0.01845855178311895,0.01903971021144369,0.03090497935875196
utara,0.0,0.0,0.0,0.011416277092118692,0.0
utuh,0.0,0.0,0.0,0.005708138546059346,0.0
utus,0.0,0.02001846666101936,0.0,0.0,0.0
variasi,0.0,0.0,0.0,0.011416277092118692,0.0
vaskrs,0.0,0.0,0.0,0.005708138546059346,0.0
velikden,0.0,0.0,0.0,0.011416277092118692,0.0
velikonoce,0.0,0.0,0.0,0.005708138546059346,0.0
velykden,0.0,0.0,0.0,0.005708138546059346,0.0
vernal,0.020135609207880545,0.0,0.0,0.004605290237597755,0.0
vi,0.0,0.0,0.0,0.0,0.021619189821103717
via,0.020135609207880545,0.0,0.0,0.004605290237597755,0.0
viktor,0.0,0.0,0.0,0.005708138546059346,0.0
vonis,0.0249575686087148,0.0,0.0,0.0,0.0
vyalikdzyen,0.0,0.0,0.0,0.005708138546059346,0.0
wafat,0.05014312369965104,0.0,0.0,0.0038228069100964034,0.014478623385176305
wajib,0.0,0.0,0.0,0.0,0.2378110880321409
wakil,0.0,0.02001846666101936,0.0,0.0,0.0
wali,0.12478784304357401,0.0,0.0,0.0,0.0
waligereja,0.0,0.0,0.0,0.0,0.06485756946331116
wanita,0.0,0.0,0.0,0.005708138546059346,0.0
warna,0.0,0.0,0.0625060898176152,0.004605290237597755,0.0
washington,0.0,0.0,0.0,0.005708138546059346,0.0
wayback,0.0,0.0,0.0,0.005708138546059346,0.0
whitby,0.0,0.0,0.0,0.005708138546059346,0.0
wi,0.0,0.0,0.0,0.005708138546059346,0.0
wielkanoc,0.0,0.0,0.0,0.005708138546059346,0.0
wilayah,0.0,0.0,0.0,0.011416277092118692,0.0
worship,0.0,0.02001846666101936,0.0,0.0,0.0
wrexham,0.0,0.04003693332203872,0.0,0.0,0.0
yahudi,0.10028624739930209,0.013406600429155676,0.0,0.1032157865726029,0.0
yerusalem,0.0,0.0,0.21877131436165317,0.013815870712793265,0.0
yesus,0.4400193611314956,0.1621614126034258,0.20304406961430843,0.09519855105721844,0.03090497935875196
yesusf,0.0,0.0,0.0,0.005708138546059346,0.0
yoh,0.0,0.02001846666101936,0.0,0.0,0.0
yohanes,0.014060658812769493,0.011278054929481718,0.043647887360758045,0.006431731376599959,0.0
yudas,0.01671437456655035,0.013406600429155676,0.0,0.0038228069100964034,0.0
yunani,0.0,0.01615077285559461,0.0,0.02763174142558653,0.0
yuridis,0.0,0.0,0.0,0.0,0.04323837964220743
zaman,0.01671437456655035,0.013406600429155676,0.0,0.01911403455048202,0.0
zerah,0.0,0.0,0.0,0.005708138546059346,0.0
ziarah,0.0,0.0,0.0,0.011416277092118692,0.0
