,term,rank
0,abandonment,0.008206228142153835
1,abasement,0.009514480497267648
2,abbey,0.009514480497267648
3,abbot,0.009514480497267648
4,able,0.02172248139340547
5,absent,0.010861240696702735
6,abstain,0.09530402901882726
7,abstention,0.009514480497267648
8,abstinence,0.6190907197120559
9,abundance,0.009514480497267648
10,accept,0.014866994038353155
11,acceptable,0.015383513800642883
12,accepted,0.022726305279847092
13,acclamation,0.009514480497267648
14,accommodate,0.010861240696702735
15,accompaniment,0.014866994038353155
16,accordance,0.02411522652047683
17,according,0.12920665859396097
18,accordingly,0.008206228142153835
19,account,0.037325625023094805
20,accurate,0.008206228142153835
21,across,0.01641245628430767
22,act,0.025236063568888044
23,action,0.014866994038353155
24,actual,0.015383513800642883
25,actually,0.025106329473429636
26,ad,0.02636211718934249
27,adaptation,0.008206228142153835
28,added,0.01637461675359569
29,addition,0.042076736260655424
30,additional,0.031856796763363684
31,additionally,0.015383513800642883
32,address,0.009514480497267648
33,adherence,0.009514480497267648
34,adjure,0.009514480497267648
35,adjust,0.010861240696702735
36,adopt,0.010861240696702735
37,adopted,0.07385605327938452
38,adoration,0.03805792198907059
39,adult,0.009514480497267648
40,advance,0.014296956151630428
41,advantage,0.010861240696702735
42,affiliation,0.014866994038353155
43,affirm,0.008206228142153835
44,afflict,0.010861240696702735
45,afternoon,0.03805792198907059
46,afterward,0.010861240696702735
47,age,0.1291425616338805
48,agency,0.009514480497267648
49,agnus,0.009514480497267648
50,agony,0.05708688298360588
51,agreed,0.008206228142153835
52,agreeing,0.008206228142153835
53,agreement,0.01641245628430767
54,aim,0.009514480497267648
55,alcohol,0.0325837220901082
56,alcoholic,0.016439003563322035
57,allegory,0.008206228142153835
58,alleluia,0.02197317910878522
59,alligator,0.010861240696702735
60,allow,0.03528370228720374
61,almighty,0.017430106516274843
62,almost,0.03282491256861534
63,alms,0.02973398807670631
64,almsgiving,0.010861240696702735
65,alone,0.021824364278397942
66,along,0.058806923395861285
67,alongside,0.012089687260759943
68,aloud,0.009514480497267648
69,already,0.024637471206949237
70,also,0.39948277640166785
71,altar,0.10617926720208323
72,alternating,0.008206228142153835
73,alternative,0.02200424699511852
74,alternatively,0.014866994038353155
75,although,0.07635218506643807
76,always,0.03946051782094767
77,ambiguously,0.009514480497267648
78,ambrose,0.009514480497267648
79,amen,0.012089687260759943
80,among,0.09424181382189209
81,amount,0.020757377786104016
82,analogous,0.01641245628430767
83,anastasis,0.008206228142153835
84,anatomy,0.010861240696702735
85,ancient,0.05710483947888187
86,angel,0.02411522652047683
87,anger,0.010861240696702735
88,animal,0.045796108936741846
89,anniversary,0.008206228142153835
90,announce,0.014866994038353155
91,annual,0.03918793600786526
92,annually,0.008206228142153835
93,annunciation,0.017430106516274843
94,another,0.05492112330097037
95,answer,0.009514480497267648
96,anthropomorphic,0.008206228142153835
97,antichrist,0.014866994038353155
98,anticipation,0.020757377786104016
99,antiphon,0.030797120586139468
100,antiquity,0.008206228142153835
101,apart,0.014866994038353155
102,apodosis,0.01641245628430767
103,apostle,0.029616083142546965
104,apostolic,0.030876356606644506
105,apotropaic,0.012089687260759943
106,apparently,0.015383513800642883
107,appeal,0.010861240696702735
108,appear,0.01641245628430767
109,applicable,0.010861240696702735
110,application,0.010861240696702735
111,applied,0.01641245628430767
112,apply,0.009514480497267648
113,approaching,0.014866994038353155
114,appropriate,0.010861240696702735
115,appropriateness,0.010861240696702735
116,approval,0.008206228142153835
117,approximately,0.02172248139340547
118,ar,0.009514480497267648
119,archbishop,0.027279444771454546
120,area,0.030609927554349176
121,arise,0.02854344149180294
122,arisen,0.012089687260759943
123,arms,0.012089687260759943
124,aromatic,0.014866994038353155
125,arose,0.025236063568888044
126,around,0.11296711957840659
127,arrangement,0.009514480497267648
128,arrest,0.025106329473429636
129,arrival,0.024179374521519886
130,art,0.017430106516274843
131,article,0.0840800226060473
132,artificial,0.012089687260759943
133,artist,0.008206228142153835
134,artistically,0.009514480497267648
135,ascension,0.025236063568888044
136,ash,0.10384529753474274
137,ashes,0.012089687260759943
138,ask,0.009514480497267648
139,assembly,0.02854344149180294
140,associate,0.008206228142153835
141,associated,0.043699899766676154
142,assortment,0.009514480497267648
143,assumption,0.02172248139340547
144,astronomical,0.08206228142153836
145,atmosphere,0.014866994038353155
146,atmospheric,0.009514480497267648
147,atop,0.009514480497267648
148,attempt,0.010861240696702735
149,attend,0.025106329473429636
150,attendance,0.014866994038353155
151,attest,0.009514480497267648
152,attic,0.009514480497267648
153,attribute,0.012089687260759943
154,august,0.010861240696702735
155,authority,0.010861240696702735
156,authorized,0.009514480497267648
157,autocephalous,0.014866994038353155
158,automatically,0.010861240696702735
159,autonomous,0.010861240696702735
160,available,0.0358823838718358
161,ave,0.014866994038353155
162,avoid,0.012089687260759943
163,avoidance,0.010861240696702735
164,award,0.008206228142153835
165,away,0.012089687260759943
166,bach,0.009514480497267648
167,back,0.054694086188492703
168,background,0.008206228142153835
169,balsam,0.02973398807670631
170,ban,0.019028960994535295
171,bank,0.027538422540581704
172,banner,0.012089687260759943
173,baptism,0.05133623745411989
174,baptismal,0.014866994038353155
175,bare,0.047017863231337914
176,base,0.008206228142153835
177,based,0.07935664194329768
178,bases,0.010861240696702735
179,basil,0.02360245712916259
180,basilica,0.014866994038353155
181,basis,0.03216018219653867
182,basket,0.02904481688750847
183,batch,0.008206228142153835
184,beard,0.014866994038353155
185,bearing,0.009514480497267648
186,beauty,0.009514480497267648
187,beaver,0.02172248139340547
188,become,0.03368946353519581
189,becoming,0.012089687260759943
190,beforehand,0.012089687260759943
191,beg,0.02973398807670631
192,begin,0.022995349948071328
193,beginning,0.09159473307940917
194,begun,0.019964369561176074
195,behind,0.008206228142153835
196,belief,0.027183990075394897
197,believe,0.029649402065940012
198,believing,0.008206228142153835
199,bellarmine,0.010861240696702735
200,benedict,0.016439003563322035
201,beneficiary,0.009514480497267648
202,bent,0.012089687260759943
203,beside,0.009514480497267648
204,besides,0.015383513800642883
205,best,0.012089687260759943
206,betrayal,0.02592920337647401
207,betting,0.009514480497267648
208,bewail,0.009514480497267648
209,biggest,0.012089687260759943
210,bilby,0.008206228142153835
211,binding,0.010861240696702735
212,biography,0.012089687260759943
213,birth,0.020866310562625223
214,bishop,0.1169458262491388
215,black,0.12805037959353105
216,blasphemy,0.009514480497267648
217,bless,0.04125624785729693
218,blessed,0.1464833976734078
219,blessing,0.08390697192048233
220,blood,0.0351540003125079
221,bloody,0.009514480497267648
222,bodily,0.010861240696702735
223,body,0.08572005884754483
224,bond,0.009514480497267648
225,book,0.08853370396308877
226,bottom,0.009514480497267648
227,bound,0.03396456477565653
228,boundless,0.009514480497267648
229,bountiful,0.012089687260759943
230,bow,0.009514480497267648
231,box,0.04835874904303977
232,braid,0.012089687260759943
233,braided,0.012089687260759943
234,branch,0.07253812356455966
235,brazil,0.009514480497267648
236,bread,0.11288102590851802
237,break,0.014296956151630428
238,breaking,0.014296956151630428
239,breathed,0.014866994038353155
240,brethren,0.02973398807670631
241,bridegroom,0.009514480497267648
242,brief,0.009514480497267648
243,bright,0.018615330374412407
244,brilliantly,0.008206228142153835
245,bring,0.01637461675359569
246,broadcast,0.009514480497267648
247,broke,0.009514480497267648
248,broken,0.008206228142153835
249,broth,0.010861240696702735
250,brought,0.06556510486116886
251,buffet,0.010861240696702735
252,building,0.012089687260759943
253,bull,0.010861240696702735
254,bunny,0.05744359699507684
255,burial,0.07570673980886876
256,burned,0.012089687260759943
257,burning,0.024179374521519886
258,business,0.009514480497267648
259,butter,0.0325837220901082
260,buttonhole,0.012089687260759943
261,cable,0.014866994038353155
262,calculate,0.008206228142153835
263,calculated,0.014296956151630428
264,calculating,0.020917689346106064
265,calculation,0.035214645497736494
266,calendar,0.20975676254549488
267,call,0.04659027937922592
268,calling,0.014866994038353155
269,came,0.03553185694776291
270,canada,0.0520385797533733
271,candelabrum,0.009514480497267648
272,candle,0.018615330374412407
273,candlelight,0.009514480497267648
274,candy,0.06172544568451234
275,canon,0.15229726266594817
276,canonical,0.056890815964315854
277,canopy,0.019028960994535295
278,capital,0.009514480497267648
279,capybara,0.010861240696702735
280,cardinal,0.012089687260759943
281,care,0.017430106516274843
282,carefully,0.012089687260759943
283,carried,0.0679661996483117
284,carry,0.04461409659166975
285,carrying,0.009514480497267648
286,case,0.031009429682982006
287,cast,0.009514480497267648
288,category,0.010861240696702735
289,cathedral,0.04885032422021339
290,catholic,0.34265349890847185
291,catholicism,0.014866994038353155
292,catholicon,0.009514480497267648
293,causing,0.009514480497267648
294,celebrant,0.019028960994535295
295,celebrate,0.06952790723338755
296,celebrated,0.08346395798688483
297,celebration,0.11419150364767124
298,cemetery,0.012089687260759943
299,center,0.02854344149180294
300,centered,0.009514480497267648
301,central,0.014866994038353155
302,centurion,0.02854344149180294
303,century,0.14641325558868729
304,ceremonially,0.02973398807670631
305,ceremony,0.10965259106812518
306,certain,0.06637875455484443
307,chalice,0.009514480497267648
308,chancel,0.03178096345404584
309,change,0.015383513800642883
310,chant,0.024179374521519886
311,chanting,0.03805792198907059
312,chapter,0.021748480739056823
313,character,0.014296956151630428
314,charge,0.009514480497267648
315,charitable,0.010861240696702735
316,charity,0.0325837220901082
317,chee,0.014866994038353155
318,cheese,0.0325837220901082
319,chicken,0.015383513800642883
320,chief,0.028593912303260857
321,chiefly,0.014866994038353155
322,child,0.019028960994535295
323,childhood,0.012089687260759943
324,chile,0.009514480497267648
325,china,0.009514480497267648
326,chocolate,0.01641245628430767
327,choose,0.016439003563322035
328,choosing,0.012089687260759943
329,chosen,0.014866994038353155
330,chrism,0.2378719046136505
331,chronic,0.010861240696702735
332,church,0.8509101795068487
333,churchmanship,0.014866994038353155
334,circa,0.01637461675359569
335,circuit,0.009514480497267648
336,citation,0.014296956151630428
337,city,0.05703818364048559
338,civil,0.030609927554349176
339,civilian,0.012089687260759943
340,classes,0.010861240696702735
341,classification,0.02172248139340547
342,classified,0.016439003563322035
343,clean,0.037276770080763105
344,cleaning,0.038893725044565494
345,cleansing,0.014866994038353155
346,clergy,0.0634542358895008
347,climate,0.024179374521519886
348,climax,0.009514480497267648
349,clipping,0.008206228142153835
350,close,0.040559253851711
351,closed,0.08928745196681193
352,closeness,0.014866994038353155
353,closer,0.02973398807670631
354,closure,0.009514480497267648
355,cloth,0.03278255243058443
356,clothing,0.021748480739056823
357,coast,0.012089687260759943
358,cockfighting,0.012089687260759943
359,coconut,0.03374307791899359
360,code,0.0651674441802164
361,cognate,0.01641245628430767
362,coincide,0.009514480497267648
363,coincidence,0.012089687260759943
364,cold,0.024179374521519886
365,colder,0.012089687260759943
366,collation,0.02172248139340547
367,collect,0.027183990075394897
368,collected,0.012089687260759943
369,collection,0.009514480497267648
370,colonial,0.014866994038353155
371,color,0.021748480739056823
372,colored,0.008206228142153835
373,coloring,0.008206228142153835
374,colors,0.014866994038353155
375,colour,0.05708227741346803
376,colt,0.012089687260759943
377,combination,0.018615330374412407
378,combined,0.014866994038353155
379,come,0.061886563623429994
380,comes,0.05546106233901208
381,coming,0.03734187343974002
382,command,0.016439003563322035
383,commandment,0.041737562629693734
384,commemorate,0.030955982814610615
385,commemoration,0.009514480497267648
386,commemorative,0.008206228142153835
387,commence,0.009514480497267648
388,commentary,0.010861240696702735
389,common,0.10595250289351243
390,commonly,0.056139209527320696
391,commonwealth,0.008206228142153835
392,communal,0.01641245628430767
393,communicant,0.014866994038353155
394,communion,0.11301399512467841
395,communist,0.009514480497267648
396,community,0.04591797430527445
397,company,0.008206228142153835
398,compassion,0.009514480497267648
399,compensation,0.009514480497267648
400,complaint,0.008206228142153835
401,complementary,0.010861240696702735
402,complete,0.009514480497267648
403,completely,0.02973398807670631
404,completion,0.010861240696702735
405,composite,0.01967082013709156
406,comprise,0.010861240696702735
407,compulsory,0.010861240696702735
408,computation,0.04740062212400861
409,computational,0.008206228142153835
410,computus,0.014296956151630428
411,concatenation,0.009514480497267648
412,concept,0.008206228142153835
413,conception,0.04344496278681094
414,concerning,0.015383513800642883
415,concilium,0.016439003563322035
416,conclude,0.012089687260759943
417,conclusion,0.012089687260759943
418,concord,0.008206228142153835
419,condemnation,0.019028960994535295
420,condemned,0.02854344149180294
421,condemning,0.008206228142153835
422,conditional,0.008206228142153835
423,conference,0.0651674441802164
424,confess,0.014866994038353155
425,confession,0.03166541731702833
426,confirm,0.012089687260759943
427,confirmation,0.03166541731702833
428,conflicting,0.009514480497267648
429,confusion,0.012089687260759943
430,congregation,0.07525973002923794
431,congress,0.008206228142153835
432,connected,0.03166541731702833
433,connection,0.015383513800642883
434,conqueror,0.012089687260759943
435,consecrate,0.02973398807670631
436,consecrated,0.05565461167690187
437,consecration,0.02973398807670631
438,conservative,0.008206228142153835
439,consider,0.015383513800642883
440,considerable,0.010861240696702735
441,considerably,0.008206228142153835
442,considered,0.053733069116876926
443,consist,0.027347043094246352
444,consistent,0.008206228142153835
445,consomme,0.010861240696702735
446,constitute,0.008206228142153835
447,constitution,0.0325837220901082
448,consulting,0.024618684426461503
449,consuming,0.020757377786104016
450,consumption,0.029520158392271262
451,contemplation,0.010861240696702735
452,contemporary,0.05455888954290909
453,content,0.009514480497267648
454,contention,0.008206228142153835
455,context,0.010861240696702735
456,continental,0.014296956151630428
457,continue,0.03282491256861534
458,continued,0.024618684426461503
459,continuous,0.008206228142153835
460,contraction,0.009514480497267648
461,contrary,0.009514480497267648
462,control,0.014866994038353155
463,controversy,0.04923736885292301
464,convention,0.01641245628430767
465,conversation,0.009514480497267648
466,converse,0.010861240696702735
467,conversely,0.008206228142153835
468,conversion,0.02172248139340547
469,cor,0.010861240696702735
470,corner,0.012089687260759943
471,corporeal,0.010861240696702735
472,correct,0.017430106516274843
473,corresponding,0.021824364278397942
474,corruption,0.019028960994535295
475,costa,0.01967082013709156
476,cottage,0.008206228142153835
477,could,0.03270828651324161
478,council,0.10145304532882618
479,counting,0.014296956151630428
480,country,0.009514480497267648
481,countryside,0.008206228142153835
482,course,0.008206228142153835
483,court,0.019028960994535295
484,courtyard,0.009514480497267648
485,covenant,0.05946797615341262
486,cover,0.024179374521519886
487,covered,0.02973398807670631
488,covering,0.009514480497267648
489,creamy,0.014866994038353155
490,create,0.012089687260759943
491,creation,0.009514480497267648
492,creeping,0.009514480497267648
493,cried,0.009514480497267648
494,cross,0.4279851659989369
495,crowd,0.052290319548824536
496,crown,0.009514480497267648
497,crucified,0.07611584397814118
498,crucifix,0.054694086188492703
499,crucifixion,0.13346005412114678
500,crucify,0.009514480497267648
501,crusade,0.010861240696702735
502,crusader,0.010861240696702735
503,crux,0.009514480497267648
504,cry,0.017430106516274843
505,culmination,0.008206228142153835
506,cultural,0.024618684426461503
507,culture,0.022995349948071328
508,cup,0.008206228142153835
509,currency,0.014866994038353155
510,current,0.06796019743764636
511,currently,0.014296956151630428
512,curtain,0.009514480497267648
513,custom,0.14218332026768227
514,customarily,0.020757377786104016
515,customary,0.06470020873897393
516,customs,0.06664603438441571
517,cut,0.021748480739056823
518,cutting,0.012089687260759943
519,cycle,0.10668096584799985
520,cypress,0.012089687260759943
521,daily,0.025327103111555845
522,dairy,0.02172248139340547
523,dancing,0.02197317910878522
524,danger,0.009514480497267648
525,dark,0.03166541731702833
526,darkness,0.019028960994535295
527,date,0.2323234709901165
528,dating,0.01967082013709156
529,dawn,0.019028960994535295
530,day,0.7289884147915827
531,days,0.3949336671888322
532,de,0.01637461675359569
533,deacon,0.009514480497267648
534,dead,0.05049783080160905
535,deal,0.01641245628430767
536,death,0.13908814440107167
537,decade,0.010861240696702735
538,deceased,0.012089687260759943
539,declare,0.01967082013709156
540,declared,0.03634637408122813
541,decorate,0.024179374521519886
542,decorated,0.03905258727303665
543,decoration,0.0358823838718358
544,decree,0.03178096345404584
545,dedication,0.014866994038353155
546,deep,0.012089687260759943
547,defined,0.008206228142153835
548,definition,0.010861240696702735
549,deliver,0.019028960994535295
550,demanding,0.016439003563322035
551,denial,0.009514480497267648
552,depart,0.009514480497267648
553,depiction,0.009514480497267648
554,deposition,0.019028960994535295
555,depth,0.009514480497267648
556,derivation,0.014866994038353155
557,derived,0.06246672431771286
558,descent,0.009514480497267648
559,description,0.009514480497267648
560,deserving,0.014866994038353155
561,designed,0.008206228142153835
562,despite,0.020917689346106064
563,destruction,0.024179374521519886
564,determination,0.008206228142153835
565,determine,0.02200424699511852
566,determined,0.024618684426461503
567,devotion,0.019028960994535295
568,devotional,0.021748480739056823
569,diabetes,0.010861240696702735
570,dialogue,0.009514480497267648
571,diary,0.008206228142153835
572,didst,0.024179374521519886
573,die,0.008206228142153835
574,differ,0.015383513800642883
575,difference,0.024618684426461503
576,different,0.039708347672365835
577,differently,0.009514480497267648
578,difficulty,0.012089687260759943
579,diocesan,0.014866994038353155
580,diocese,0.023549010260791196
581,dip,0.014866994038353155
582,direct,0.008206228142153835
583,directly,0.010861240696702735
584,disagree,0.009514480497267648
585,disagreement,0.010861240696702735
586,disapproval,0.009514480497267648
587,disciple,0.014296956151630428
588,discipline,0.03396456477565653
589,dismissal,0.01967082013709156
590,displayed,0.009514480497267648
591,dissatisfaction,0.01641245628430767
592,distinct,0.014866994038353155
593,distribute,0.012089687260759943
594,distributed,0.0911933412295654
595,distribution,0.01637461675359569
596,divergence,0.008206228142153835
597,divergent,0.008206228142153835
598,diversity,0.010861240696702735
599,divided,0.028196322754430708
600,divine,0.05682087263673956
601,doctor,0.008206228142153835
602,documentary,0.008206228142153835
603,done,0.05946797615341262
604,donkey,0.14507624712911932
605,door,0.07595340787099517
606,doubt,0.008206228142153835
607,doxasticon,0.009514480497267648
608,doxology,0.009514480497267648
609,drama,0.014866994038353155
610,dream,0.009514480497267648
611,dress,0.03150236429817688
612,dressed,0.012089687260759943
613,dried,0.014866994038353155
614,drink,0.02360245712916259
615,drop,0.012089687260759943
616,dry,0.014866994038353155
617,due,0.025327103111555845
618,duration,0.029974415605195356
619,dutch,0.014296956151630428
620,duty,0.009514480497267648
621,dwell,0.008206228142153835
622,early,0.11645254456706103
623,earth,0.02197317910878522
624,earthly,0.009514480497267648
625,earthquake,0.009514480497267648
626,easily,0.010861240696702735
627,east,0.0280609740196021
628,easter,0.9599654616731784
629,eastern,0.24883393869340806
630,eat,0.05807979129613336
631,eaten,0.009514480497267648
632,eating,0.02172248139340547
633,ecclesiastical,0.06496046273574187
634,echo,0.009514480497267648
635,economic,0.010861240696702735
636,effect,0.016439003563322035
637,effective,0.010861240696702735
638,effectively,0.008206228142153835
639,effects,0.009514480497267648
640,effigy,0.024179374521519886
641,effort,0.019028960994535295
642,egg,0.08206228142153836
643,eight,0.014866994038353155
644,either,0.0814164894407699
645,el,0.01967082013709156
646,elder,0.014866994038353155
647,electric,0.008206228142153835
648,elevated,0.009514480497267648
649,elevation,0.008206228142153835
650,eliminate,0.008206228142153835
651,else,0.010861240696702735
652,elsewhere,0.022995349948071328
653,ember,0.09775116627032461
654,embolismic,0.008206228142153835
655,emperor,0.014296956151630428
656,emphasis,0.014296956151630428
657,emphasize,0.009514480497267648
658,empire,0.03430500848882651
659,employee,0.009514480497267648
660,empty,0.048456111886687775
661,encounter,0.014866994038353155
662,encyclical,0.009514480497267648
663,encyclopedia,0.014866994038353155
664,end,0.05360135159091885
665,ending,0.01641245628430767
666,endless,0.009514480497267648
667,endorsed,0.008206228142153835
668,engage,0.009514480497267648
669,enjoy,0.008206228142153835
670,ensure,0.012089687260759943
671,entering,0.030797120586139468
672,entire,0.02174246241194072
673,entombment,0.009514480497267648
674,entrance,0.042702165788335064
675,entry,0.10415956878567617
676,episcopal,0.057928105700593605
677,episcopalian,0.012089687260759943
678,epistle,0.020917689346106064
679,equal,0.016439003563322035
680,equally,0.008206228142153835
681,equinox,0.05402135531848425
682,equivalent,0.019028960994535295
683,especially,0.03439301651437885
684,essential,0.010861240696702735
685,essentially,0.009514480497267648
686,established,0.04848717977302107
687,estrangement,0.010861240696702735
688,eternal,0.01637461675359569
689,etymology,0.03369212938114798
690,eucharistic,0.05430620348351368
691,euphemism,0.014866994038353155
692,evangelical,0.02854344149180294
693,evangelism,0.012089687260759943
694,eve,0.03604222537762179
695,even,0.06356353754426891
696,evening,0.10930482509981343
697,evenly,0.014866994038353155
698,evensong,0.009514480497267648
699,event,0.05681157994381081
700,ever,0.010861240696702735
701,everlasting,0.012089687260759943
702,every,0.04498063199540855
703,everyone,0.029016361889422637
704,everywhere,0.008206228142153835
705,evidence,0.01641245628430767
706,evil,0.027279444771454546
707,evocative,0.009514480497267648
708,exact,0.010861240696702735
709,exactly,0.008206228142153835
710,example,0.05248347028375662
711,excellent,0.008206228142153835
712,except,0.08040091320086941
713,exception,0.010861240696702735
714,exchange,0.009514480497267648
715,excited,0.012089687260759943
716,excommunicate,0.008206228142153835
717,excommunication,0.008206228142153835
718,execute,0.009514480497267648
719,execution,0.014296956151630428
720,exempt,0.02172248139340547
721,exemption,0.009514480497267648
722,exhortation,0.010861240696702735
723,exodus,0.035214645497736494
724,expanded,0.009514480497267648
725,expectation,0.010861240696702735
726,experiment,0.008206228142153835
727,expiatory,0.009514480497267648
728,explaining,0.010861240696702735
729,explicitly,0.008206228142153835
730,exposed,0.014866994038353155
731,express,0.008206228142153835
732,expression,0.010861240696702735
733,exquisite,0.008206228142153835
734,extant,0.008206228142153835
735,extensive,0.010861240696702735
736,extent,0.009514480497267648
737,extinguished,0.01967082013709156
738,face,0.009514480497267648
739,fact,0.030797120586139468
740,fail,0.012089687260759943
741,faith,0.020917689346106064
742,faithful,0.10580277272125528
743,fall,0.06754312099076712
744,falling,0.03282491256861534
745,falsehood,0.010861240696702735
746,family,0.040632859710386104
747,far,0.02174246241194072
748,fast,0.32824856665239494
749,fasting,0.386936822135762
750,fat,0.010861240696702735
751,favor,0.008206228142153835
752,favorite,0.010861240696702735
753,fear,0.009514480497267648
754,feast,0.09503299279416652
755,feature,0.019028960994535295
756,featured,0.012089687260759943
757,federal,0.05056709141204607
758,feed,0.012089687260759943
759,feeling,0.009514480497267648
760,fell,0.02411522652047683
761,fellowship,0.012089687260759943
762,feria,0.035023266051401145
763,fertility,0.012089687260759943
764,festival,0.06934048230940079
765,festive,0.025170462172001792
766,fifth,0.044600982115059466
767,fight,0.019028960994535295
768,figure,0.027183990075394897
769,fill,0.008206228142153835
770,filled,0.020917689346106064
771,filmy,0.009514480497267648
772,final,0.03270828651324161
773,finally,0.020917689346106064
774,financial,0.008206228142153835
775,find,0.01641245628430767
776,finland,0.03615757847802813
777,fir,0.012089687260759943
778,first,0.17225782529942268
779,fish,0.07602868487691913
780,fitting,0.009514480497267648
781,five,0.020917689346106064
782,fixed,0.07388355490191117
783,fixing,0.008206228142153835
784,flame,0.018615330374412407
785,flavored,0.010861240696702735
786,flesh,0.0185166641652873
787,flock,0.010861240696702735
788,flour,0.02973398807670631
789,flow,0.009514480497267648
790,flower,0.024179374521519886
791,flowering,0.060448436303799716
792,flowing,0.009514480497267648
793,flown,0.02973398807670631
794,foal,0.012089687260759943
795,focus,0.012089687260759943
796,folding,0.012089687260759943
797,folk,0.0280609740196021
798,folklore,0.014866994038353155
799,follow,0.06192995291900646
800,follower,0.019028960994535295
801,following,0.12614769651108554
802,food,0.07451975347153603
803,foot,0.025106329473429636
804,forbidden,0.033717918533281634
805,force,0.010861240696702735
806,foreign,0.017430106516274843
807,forenoon,0.009514480497267648
808,forestall,0.009514480497267648
809,foretold,0.009514480497267648
810,forever,0.009514480497267648
811,forget,0.009514480497267648
812,form,0.07340927882066876
813,formally,0.014296956151630428
814,formed,0.008206228142153835
815,former,0.0325837220901082
816,forsaken,0.009514480497267648
817,forth,0.009514480497267648
818,forty,0.06796019743764636
819,forward,0.019028960994535295
820,found,0.02197317910878522
821,foundation,0.008206228142153835
822,four,0.09071522113995323
823,fourfold,0.010861240696702735
824,fourteen,0.014866994038353155
825,fourteenth,0.010861240696702735
826,fourth,0.02854344149180294
827,fourthly,0.010861240696702735
828,framework,0.009514480497267648
829,free,0.020917689346106064
830,freeing,0.014866994038353155
831,frequently,0.012089687260759943
832,fresco,0.026128500312715745
833,fresh,0.03150236429817688
834,front,0.04873319131584998
835,fruit,0.010861240696702735
836,fry,0.010861240696702735
837,fulfill,0.012089687260759943
838,full,0.1763415402990206
839,fullness,0.014866994038353155
840,fully,0.008206228142153835
841,funeral,0.017430106516274843
842,furthermore,0.010861240696702735
843,galilee,0.019028960994535295
844,garden,0.04045877538773922
845,garment,0.012089687260759943
846,gather,0.019028960994535295
847,gathering,0.014866994038353155
848,gave,0.019964369561176074
849,geared,0.014866994038353155
850,gelatin,0.010861240696702735
851,general,0.019028960994535295
852,generally,0.06330136438998568
853,generation,0.008206228142153835
854,generic,0.009514480497267648
855,gentile,0.009514480497267648
856,genuine,0.010861240696702735
857,geographical,0.014866994038353155
858,german,0.041737562629693734
859,germanic,0.008206228142153835
860,gesture,0.014866994038353155
861,get,0.008206228142153835
862,gethsemane,0.019028960994535295
863,getting,0.01967082013709156
864,gift,0.008206228142153835
865,give,0.06657905030802637
866,given,0.04771706202761762
867,giving,0.014296956151630428
868,glorious,0.009514480497267648
869,glory,0.009514480497267648
870,go,0.04125624785729693
871,god,0.1694787963062269
872,goddess,0.01637461675359569
873,golden,0.008206228142153835
874,gone,0.009514480497267648
875,good,0.6674679341375961
876,goodness,0.012089687260759943
877,gospel,0.1502656134962536
878,government,0.05805193492286552
879,governmental,0.009514480497267648
880,governor,0.019028960994535295
881,grace,0.010861240696702735
882,gradually,0.02172248139340547
883,grain,0.012089687260759943
884,grant,0.012089687260759943
885,grave,0.04461409659166975
886,great,0.3013357619127718
887,greater,0.010861240696702735
888,greatly,0.02172248139340547
889,green,0.04573767509893036
890,greet,0.012089687260759943
891,greeting,0.01641245628430767
892,grief,0.009514480497267648
893,grieving,0.009514480497267648
894,grove,0.012089687260759943
895,guard,0.019028960994535295
896,guidance,0.009514480497267648
897,guideline,0.009514480497267648
898,guilty,0.009514480497267648
899,habit,0.02172248139340547
900,hand,0.019028960994535295
901,handbook,0.009514480497267648
902,handed,0.009514480497267648
903,handle,0.014866994038353155
904,handout,0.009514480497267648
905,hanging,0.012089687260759943
906,happening,0.012089687260759943
907,harm,0.010861240696702735
908,harvest,0.01637461675359569
909,hatching,0.012089687260759943
910,head,0.020757377786104016
911,healing,0.020757377786104016
912,health,0.03538832036545541
913,healthy,0.012089687260759943
914,hear,0.018615330374412407
915,heart,0.02411522652047683
916,heaven,0.014296956151630428
917,heavens,0.009514480497267648
918,heed,0.009514480497267648
919,heirloom,0.012089687260759943
920,help,0.009514480497267648
921,helping,0.015383513800642883
922,hemisphere,0.008206228142153835
923,hermeneutics,0.012089687260759943
924,high,0.0734043808371751
925,highest,0.03802443128352741
926,historian,0.02904481688750847
927,historic,0.008206228142153835
928,historical,0.012089687260759943
929,historically,0.029724809531859728
930,history,0.010861240696702735
931,hold,0.03179144947763162
932,holding,0.046691757193635004
933,holiday,0.26448482506730825
934,holiness,0.010861240696702735
935,holy,0.7278867357444609
936,home,0.07533054281695485
937,homily,0.029101622597836933
938,homo,0.009514480497267648
939,hong,0.019028960994535295
940,honor,0.024179374521519886
941,hope,0.03627013526041565
942,hora,0.02172248139340547
943,horse,0.052290319548824536
944,horseback,0.012089687260759943
945,hosanna,0.060448436303799716
946,host,0.01967082013709156
947,hot,0.01967082013709156
948,hour,0.09537434843289486
949,house,0.041653385104745394
950,household,0.014866994038353155
951,however,0.090520333849818
952,human,0.010861240696702735
953,humbleness,0.014866994038353155
954,humbly,0.012089687260759943
955,humility,0.0185166641652873
956,hundred,0.010861240696702735
957,hung,0.04075371976178736
958,hunger,0.010861240696702735
959,hungry,0.010861240696702735
960,hunt,0.008206228142153835
961,hunting,0.008206228142153835
962,hydrous,0.009514480497267648
963,hymn,0.04045877538773922
964,hymnody,0.009514480497267648
965,hymnography,0.009514480497267648
966,iceland,0.018615330374412407
967,icon,0.06709253456870859
968,iconography,0.014866994038353155
969,iconostasis,0.008206228142153835
970,ideally,0.009514480497267648
971,ie,0.020917689346106064
972,ill,0.02172248139340547
973,illegal,0.009514480497267648
974,illuminated,0.009514480497267648
975,image,0.009514480497267648
976,imagery,0.009514480497267648
977,imitate,0.02172248139340547
978,imitation,0.012089687260759943
979,immaculate,0.05430620348351368
980,immediately,0.048890097773455446
981,imperial,0.008206228142153835
982,implementation,0.008206228142153835
983,importance,0.009514480497267648
984,important,0.029032724165783806
985,importantly,0.012089687260759943
986,impractical,0.012089687260759943
987,incense,0.009514480497267648
988,include,0.05192918711397862
989,included,0.038283329160463925
990,inclusive,0.048331652322165165
991,inclusively,0.008206228142153835
992,incomparable,0.009514480497267648
993,incorrectly,0.009514480497267648
994,increasing,0.010861240696702735
995,indeed,0.008206228142153835
996,independence,0.01641245628430767
997,independent,0.024618684426461503
998,indicate,0.008206228142153835
999,indigenous,0.016439003563322035
1000,individual,0.014296956151630428
1001,individually,0.009514480497267648
1002,indulge,0.009514480497267648
1003,indulging,0.010861240696702735
1004,information,0.018615330374412407
1005,informed,0.019028960994535295
1006,inherently,0.010861240696702735
1007,initial,0.009514480497267648
1008,injury,0.009514480497267648
1009,inner,0.010861240696702735
1010,innocent,0.009514480497267648
1011,inserted,0.014866994038353155
1012,inside,0.027183990075394897
1013,instance,0.024179374521519886
1014,instead,0.06094764941853249
1015,institution,0.014866994038353155
1016,insurrection,0.009514480497267648
1017,intake,0.010861240696702735
1018,integral,0.015383513800642883
1019,intended,0.014866994038353155
1020,intensify,0.010861240696702735
1021,intention,0.019028960994535295
1022,interchangeably,0.012089687260759943
1023,interdenominational,0.009514480497267648
1024,interest,0.010861240696702735
1025,interval,0.009514480497267648
1026,intervention,0.008206228142153835
1027,intricate,0.01637461675359569
1028,involve,0.009514480497267648
1029,island,0.014296956151630428
1030,issue,0.009514480497267648
1031,jack,0.012089687260759943
1032,jaggery,0.02973398807670631
1033,jehu,0.012089687260759943
1034,jeopardize,0.010861240696702735
1035,jersey,0.019028960994535295
1036,job,0.009514480497267648
1037,jordan,0.017430106516274843
1038,judge,0.02197317910878522
1039,keep,0.026128500312715745
1040,keeping,0.019141664580231962
1041,kept,0.03445872164776852
1042,kind,0.04563626743095585
1043,king,0.11495652915130322
1044,kingdom,0.044683742634582524
1045,kiss,0.03456828123046348
1046,kissing,0.009514480497267648
1047,kneel,0.009514480497267648
1048,kneeling,0.009514480497267648
1049,knock,0.014866994038353155
1050,knotting,0.012089687260759943
1051,know,0.009514480497267648
1052,knowledge,0.015383513800642883
1053,known,0.19815417280700798
1054,ko,0.014866994038353155
1055,kremlin,0.012089687260759943
1056,lacticinia,0.010861240696702735
1057,laid,0.034432932495634866
1058,laity,0.009514480497267648
1059,lamb,0.03441695375582392
1060,lament,0.009514480497267648
1061,lamentation,0.02854344149180294
1062,lance,0.009514480497267648
1063,land,0.02411522652047683
1064,language,0.010861240696702735
1065,large,0.029838669154520915
1066,las,0.012089687260759943
1067,last,0.1428096581730719
1068,late,0.04470953178671618
1069,later,0.05631051516382452
1070,latter,0.02174246241194072
1071,lavish,0.010861240696702735
1072,law,0.1628157721269721
1073,lawful,0.008206228142153835
1074,lawn,0.008206228142153835
1075,lay,0.009514480497267648
1076,laying,0.012089687260759943
1077,lead,0.009514480497267648
1078,leaf,0.012089687260759943
1079,leaflet,0.0325837220901082
1080,learn,0.008206228142153835
1081,learned,0.012089687260759943
1082,learning,0.009514480497267648
1083,least,0.02973398807670631
1084,leave,0.018615330374412407
1085,leavening,0.008206228142153835
1086,leaves,0.12089687260759943
1087,leaving,0.014296956151630428
1088,led,0.028270547724407354
1089,left,0.033477368852301174
1090,legal,0.029838669154520915
1091,legendary,0.008206228142153835
1092,legislation,0.030000204757329008
1093,length,0.012089687260759943
1094,lenient,0.02172248139340547
1095,lent,0.2591224724504683
1096,less,0.03278752253374666
1097,lesser,0.021748480739056823
1098,let,0.029974415605195356
1099,letter,0.015383513800642883
1100,lev,0.010861240696702735
1101,levant,0.012089687260759943
1102,level,0.019028960994535295
1103,life,0.08236555227009285
1104,lift,0.009514480497267648
1105,light,0.01641245628430767
1106,lighting,0.01641245628430767
1107,lightning,0.012089687260759943
1108,like,0.05965541752893905
1109,likewise,0.018615330374412407
1110,lily,0.008206228142153835
1111,line,0.01637461675359569
1112,linen,0.03805792198907059
1113,linguistic,0.009514480497267648
1114,linguistically,0.009514480497267648
1115,link,0.010861240696702735
1116,linked,0.01641245628430767
1117,links,0.009514480497267648
1118,liquid,0.010861240696702735
1119,lit,0.022995349948071328
1120,litany,0.009514480497267648
1121,little,0.03188558153229751
1122,liturgical,0.10219676680659054
1123,liturgy,0.21594968785704965
1124,live,0.010861240696702735
1125,living,0.019141664580231962
1126,lobster,0.010861240696702735
1127,local,0.06590662370272507
1128,logothete,0.009514480497267648
1129,lonely,0.010861240696702735
1130,long,0.03899456765850168
1131,longer,0.02732017090511521
1132,look,0.009514480497267648
1133,lord,0.15398782625858906
1134,lots,0.009514480497267648
1135,loud,0.009514480497267648
1136,love,0.04349696147811365
1137,lover,0.009514480497267648
1138,low,0.009514480497267648
1139,lower,0.010861240696702735
1140,lowly,0.012089687260759943
1141,luck,0.012089687260759943
1142,luke,0.03890655963294934
1143,lunar,0.1395058784166152
1144,lunisolar,0.04103114071076918
1145,lying,0.009514480497267648
1146,made,0.12860088625482735
1147,main,0.09061527229072122
1148,maintain,0.008206228142153835
1149,major,0.010861240696702735
1150,majority,0.03287800712664407
1151,make,0.027183990075394897
1152,making,0.02666624993315799
1153,man,0.027347043094246352
1154,mandate,0.03166541731702833
1155,mandatory,0.016439003563322035
1156,mandatum,0.10406895826847208
1157,manifest,0.010861240696702735
1158,manifold,0.02172248139340547
1159,manila,0.021748480739056823
1160,mankind,0.034860213032549686
1161,manner,0.010861240696702735
1162,many,0.21207602177251947
1163,march,0.10121379009679234
1164,mare,0.009514480497267648
1165,margarita,0.012089687260759943
1166,maria,0.014866994038353155
1167,mark,0.047017863231337914
1168,marked,0.03164561471921723
1169,marking,0.008206228142153835
1170,martyrdom,0.008206228142153835
1171,mary,0.03946767243478641
1172,mass,0.25153367803727933
1173,match,0.008206228142153835
1174,material,0.009514480497267648
1175,matins,0.07192388023734461
1176,matter,0.01641245628430767
1177,maund,0.02973398807670631
1178,maundy,0.5527079917472145
1179,maxima,0.014866994038353155
1180,maximum,0.014866994038353155
1181,may,0.15823910732173066
1182,meal,0.09413476806816012
1183,meaning,0.0494919325203222
1184,meaningless,0.010861240696702735
1185,meant,0.010861240696702735
1186,measurement,0.008206228142153835
1187,meat,0.24427129932367042
1188,medical,0.010861240696702735
1189,medicine,0.010861240696702735
1190,medieval,0.02360245712916259
1191,mediterranean,0.01637461675359569
1192,melancholy,0.014866994038353155
1193,melodist,0.009514480497267648
1194,member,0.02197317910878522
1195,memorial,0.018615330374412407
1196,memory,0.02414629440681013
1197,men,0.024179374521519886
1198,mentally,0.010861240696702735
1199,mention,0.014296956151630428
1200,menu,0.010861240696702735
1201,mercifully,0.012089687260759943
1202,mercy,0.055906675998108446
1203,meridian,0.01641245628430767
1204,mesopotamia,0.008206228142153835
1205,met,0.008206228142153835
1206,method,0.04923736885292301
1207,methodist,0.1388548480149679
1208,meticulously,0.012089687260759943
1209,midday,0.02411522652047683
1210,middle,0.018615330374412407
1211,midnight,0.057466198638989885
1212,might,0.03885935584868445
1213,milk,0.0535093527521448
1214,minimum,0.010861240696702735
1215,minister,0.009514480497267648
1216,ministry,0.021748480739056823
1217,misnomer,0.012089687260759943
1218,missal,0.05946797615341262
1219,mitra,0.009514480497267648
1220,mitre,0.009514480497267648
1221,mixed,0.021748480739056823
1222,mixture,0.01967082013709156
1223,mockery,0.02854344149180294
1224,modena,0.010861240696702735
1225,moderate,0.010861240696702735
1226,modern,0.04380759078526703
1227,moment,0.012089687260759943
1228,monarch,0.02973398807670631
1229,monastery,0.019028960994535295
1230,monastic,0.009514480497267648
1231,money,0.04351565548045838
1232,monk,0.009514480497267648
1233,monsignor,0.010861240696702735
1234,month,0.10698722087428936
1235,moon,0.16868479914992837
1236,moral,0.010861240696702735
1237,morning,0.07801520573589608
1238,mostly,0.014296956151630428
1239,mother,0.030797120586139468
1240,mou,0.009514480497267648
1241,mount,0.009514480497267648
1242,mounted,0.009514480497267648
1243,mourn,0.009514480497267648
1244,mourning,0.03166541731702833
1245,move,0.016439003563322035
1246,moving,0.009514480497267648
1247,much,0.0446552876364967
1248,multiple,0.018615330374412407
1249,multitude,0.012089687260759943
1250,murder,0.009514480497267648
1251,music,0.02854344149180294
1252,musically,0.009514480497267648
1253,must,0.0464057227710236
1254,myrrh,0.02854344149180294
1255,mystery,0.02973398807670631
1256,mystical,0.018615330374412407
1257,na,0.009514480497267648
1258,name,0.2405643501456039
1259,namely,0.008206228142153835
1260,narrative,0.02197317910878522
1261,narthex,0.024179374521519886
1262,nation,0.02174246241194072
1263,national,0.028624980189594158
1264,native,0.024179374521519886
1265,nativity,0.0370333283305746
1266,natural,0.008206228142153835
1267,nature,0.03287800712664407
1268,nave,0.03805792198907059
1269,near,0.025106329473429636
1270,nearby,0.012089687260759943
1271,necessarily,0.009514480497267648
1272,necessary,0.014866994038353155
1273,need,0.01967082013709156
1274,neither,0.03446191494643198
1275,never,0.02197317910878522
1276,nevertheless,0.009514480497267648
1277,new,0.17218471817384923
1278,news,0.019028960994535295
1279,next,0.047753470764899726
1280,night,0.08696901776987945
1281,nightfall,0.012089687260759943
1282,nights,0.02411522652047683
1283,nine,0.009514480497267648
1284,ninth,0.016439003563322035
1285,noble,0.009514480497267648
1286,noise,0.014866994038353155
1287,noon,0.03946767243478641
1288,norm,0.02520178416948928
1289,normal,0.05133623745411989
1290,normally,0.03178096345404584
1291,normative,0.015383513800642883
1292,north,0.05527345390612644
1293,northern,0.040940239706496254
1294,notable,0.014866994038353155
1295,notably,0.012089687260759943
1296,note,0.014296956151630428
1297,noted,0.02896291502105125
1298,nothing,0.041640787732811324
1299,noun,0.014866994038353155
1300,novel,0.012089687260759943
1301,novena,0.019028960994535295
1302,number,0.05644422381312872
1303,numerous,0.015383513800642883
1304,nun,0.009514480497267648
1305,nursing,0.010861240696702735
1306,oath,0.009514480497267648
1307,obligation,0.05430620348351368
1308,obligatory,0.08688992557362188
1309,obliged,0.0325837220901082
1310,observance,0.053703359079733934
1311,observant,0.014866994038353155
1312,observation,0.008206228142153835
1313,observe,0.07039568041257507
1314,observing,0.020917689346106064
1315,obsolete,0.009514480497267648
1316,obtain,0.010861240696702735
1317,obvious,0.009514480497267648
1318,obviously,0.010861240696702735
1319,occasion,0.009514480497267648
1320,occasional,0.008206228142153835
1321,occasionally,0.012089687260759943
1322,oclock,0.019028960994535295
1323,octave,0.015383513800642883
1324,ode,0.009514480497267648
1325,odor,0.014866994038353155
1326,offer,0.010861240696702735
1327,offering,0.021748480739056823
1328,offertory,0.009514480497267648
1329,office,0.02197317910878522
1330,official,0.07100705759121145
1331,officially,0.023549010260791196
1332,often,0.13090257207959088
1333,oftentimes,0.012089687260759943
1334,oil,0.09679790626907606
1335,old,0.09384743678145166
1336,older,0.014296956151630428
1337,olive,0.1095334327711373
1338,one,0.20420008523982916
1339,onto,0.012089687260759943
1340,onward,0.008206228142153835
1341,onwards,0.010861240696702735
1342,open,0.07359576028351045
1343,opening,0.014866994038353155
1344,operate,0.01967082013709156
1345,operating,0.008206228142153835
1346,oppose,0.009514480497267648
1347,opposing,0.009514480497267648
1348,opposite,0.009514480497267648
1349,optional,0.009514480497267648
1350,order,0.028273982961311592
1351,ordinance,0.009514480497267648
1352,ordinary,0.020757377786104016
1353,ordination,0.044600982115059466
1354,organize,0.012089687260759943
1355,oriental,0.06541398875283809
1356,origin,0.02904481688750847
1357,original,0.0371414213459345
1358,originally,0.01637461675359569
1359,ornately,0.012089687260759943
1360,orthodox,0.2750496908305782
1361,orthodoxy,0.06972686945880391
1362,ought,0.02172248139340547
1363,outer,0.014866994038353155
1364,outpouring,0.010861240696702735
1365,outside,0.0605008387216776
1366,paal,0.02973398807670631
1367,pagan,0.008206228142153835
1368,page,0.02172248139340547
1369,painting,0.024179374521519886
1370,palace,0.009514480497267648
1371,palm,0.8030284151600918
1372,papacy,0.01967082013709156
1373,papist,0.009514480497267648
1374,paradise,0.010861240696702735
1375,parasceve,0.009514480497267648
1376,parish,0.060666918113083154
1377,park,0.009514480497267648
1378,parliament,0.008206228142153835
1379,part,0.12153652763428832
1380,parted,0.009514480497267648
1381,partial,0.03396456477565653
1382,participate,0.033559056304810486
1383,particular,0.03191137068443116
1384,particularly,0.015383513800642883
1385,partook,0.014866994038353155
1386,party,0.009514480497267648
1387,paschal,0.15225419941426047
1388,passion,0.1800400876039643
1389,passionary,0.014866994038353155
1390,passover,0.10825524651161529
1391,past,0.03448637936400626
1392,pastoral,0.02520178416948928
1393,path,0.024179374521519886
1394,patience,0.012089687260759943
1395,patriarch,0.03936996670166702
1396,patrimony,0.014866994038353155
1397,pattern,0.019028960994535295
1398,pay,0.012089687260759943
1399,peace,0.04563626743095585
1400,peak,0.009514480497267648
1401,penance,0.13462211521849354
1402,penitence,0.008206228142153835
1403,penitential,0.04344496278681094
1404,penny,0.02973398807670631
1405,pentecostarion,0.01641245628430767
1406,penultimate,0.012089687260759943
1407,people,0.14165134381503441
1408,per,0.014866994038353155
1409,perform,0.02360245712916259
1410,performance,0.009514480497267648
1411,perhaps,0.026128500312715745
1412,period,0.06343274536809716
1413,periodically,0.008206228142153835
1414,perjury,0.010861240696702735
1415,permanently,0.008206228142153835
1416,permissible,0.009514480497267648
1417,permit,0.020757377786104016
1418,permitted,0.0445222145601592
1419,perpetuation,0.008206228142153835
1420,person,0.02172248139340547
1421,personal,0.029520158392271262
1422,personally,0.019028960994535295
1423,persuaded,0.008206228142153835
1424,pertain,0.010861240696702735
1425,pest,0.008206228142153835
1426,peter,0.02633632803720884
1427,petition,0.009514480497267648
1428,phase,0.008206228142153835
1429,phases,0.008206228142153835
1430,phenomenon,0.008206228142153835
1431,phonetic,0.014866994038353155
1432,photo,0.04835874904303977
1433,photograph,0.009514480497267648
1434,phrase,0.02973398807670631
1435,physically,0.02414629440681013
1436,picture,0.014296956151630428
1437,pictured,0.012089687260759943
1438,pierce,0.014866994038353155
1439,pierced,0.02854344149180294
1440,piety,0.02172248139340547
1441,pious,0.02520178416948928
1442,pit,0.009514480497267648
1443,place,0.1417875702130059
1444,plain,0.009514480497267648
1445,plaintiff,0.009514480497267648
1446,plastic,0.008206228142153835
1447,platform,0.009514480497267648
1448,play,0.019028960994535295
1449,plaza,0.012089687260759943
1450,pleasing,0.010861240696702735
1451,pleasure,0.010861240696702735
1452,plus,0.008206228142153835
1453,poem,0.012089687260759943
1454,poetry,0.009514480497267648
1455,point,0.02753693640462761
1456,pointer,0.009514480497267648
1457,polish,0.034860213032549686
1458,poll,0.008206228142153835
1459,poor,0.0408329557822924
1460,pope,0.11721496272261547
1461,popular,0.05362730330565167
1462,population,0.014296956151630428
1463,portion,0.008206228142153835
1464,position,0.020917689346106064
1465,possibility,0.009514480497267648
1466,possible,0.016439003563322035
1467,possibly,0.014296956151630428
1468,post,0.019028960994535295
1469,postal,0.009514480497267648
1470,posted,0.009514480497267648
1471,power,0.009514480497267648
1472,practice,0.14242794001272355
1473,practiced,0.03987490206651968
1474,praising,0.014866994038353155
1475,pray,0.01967082013709156
1476,prayer,0.11249070122669515
1477,precedence,0.010861240696702735
1478,precedent,0.008206228142153835
1479,preceding,0.026128500312715745
1480,precept,0.010861240696702735
1481,precise,0.01641245628430767
1482,precisely,0.008206228142153835
1483,predominantly,0.028273982961311592
1484,predominate,0.008206228142153835
1485,prefiguration,0.012089687260759943
1486,pregnant,0.010861240696702735
1487,preliminary,0.010861240696702735
1488,preparation,0.0465263709440335
1489,prepare,0.012089687260759943
1490,prepared,0.03278752253374666
1491,presage,0.012089687260759943
1492,presanctified,0.009514480497267648
1493,present,0.021824364278397942
1494,president,0.014296956151630428
1495,prevail,0.010861240696702735
1496,previous,0.025106329473429636
1497,previously,0.014866994038353155
1498,priest,0.13764353532121842
1499,priesthood,0.02973398807670631
1500,primarily,0.02973398807670631
1501,primary,0.018615330374412407
1502,prime,0.009514480497267648
1503,prince,0.012089687260759943
1504,principal,0.014866994038353155
1505,principle,0.008206228142153835
1506,printed,0.008206228142153835
1507,prior,0.0445222145601592
1508,private,0.009514480497267648
1509,privation,0.010861240696702735
1510,privilege,0.014866994038353155
1511,prize,0.012089687260759943
1512,probably,0.020757377786104016
1513,proceeding,0.009514480497267648
1514,proceeds,0.012089687260759943
1515,process,0.024618684426461503
1516,procession,0.23230424782177958
1517,processional,0.009514480497267648
1518,produced,0.010861240696702735
1519,production,0.009514480497267648
1520,prominent,0.01637461675359569
1521,prominently,0.017430106516274843
1522,promising,0.009514480497267648
1523,pronunciation,0.008206228142153835
1524,proof,0.008206228142153835
1525,proper,0.010861240696702735
1526,properly,0.008206228142153835
1527,prophecy,0.021748480739056823
1528,proposal,0.008206228142153835
1529,propose,0.010861240696702735
1530,prostrate,0.014866994038353155
1531,prostration,0.009514480497267648
1532,protestant,0.03278255243058443
1533,proved,0.010861240696702735
1534,proverb,0.012089687260759943
1535,provide,0.009514480497267648
1536,provided,0.016439003563322035
1537,providing,0.008206228142153835
1538,province,0.02732017090511521
1539,psalm,0.1269748885184072
1540,psalter,0.009514480497267648
1541,public,0.22055136209414183
1542,publication,0.014866994038353155
1543,publish,0.014866994038353155
1544,pure,0.02854344149180294
1545,purple,0.027347043094246352
1546,purpose,0.047017863231337914
1547,purse,0.02973398807670631
1548,pussy,0.060448436303799716
1549,put,0.01637461675359569
1550,quality,0.010861240696702735
1551,quantity,0.02172248139340547
1552,quartodecimanism,0.024618684426461503
1553,queen,0.020757377786104016
1554,question,0.028624980189594158
1555,quivering,0.009514480497267648
1556,rabat,0.009514480497267648
1557,rabbit,0.008206228142153835
1558,race,0.016439003563322035
1559,racing,0.02854344149180294
1560,radio,0.01967082013709156
1561,radiophonic,0.009514480497267648
1562,raise,0.024179374521519886
1563,raising,0.012089687260759943
1564,range,0.014866994038353155
1565,rare,0.009514480497267648
1566,rarely,0.008206228142153835
1567,rather,0.03589104686919188
1568,rattles,0.014866994038353155
1569,rattling,0.014866994038353155
1570,reach,0.017430106516274843
1571,read,0.056284954490270545
1572,reader,0.009514480497267648
1573,readily,0.024179374521519886
1574,reading,0.08775102551717148
1575,reaffirm,0.02973398807670631
1576,reaffirmation,0.014866994038353155
1577,real,0.017430106516274843
1578,realize,0.010861240696702735
1579,really,0.008206228142153835
1580,reason,0.027279444771454546
1581,rebirth,0.008206228142153835
1582,receive,0.0351540003125079
1583,received,0.03179144947763162
1584,recent,0.009514480497267648
1585,recently,0.009514480497267648
1586,reception,0.020757377786104016
1587,reckoning,0.01641245628430767
1588,recognize,0.008206228142153835
1589,recount,0.009514480497267648
1590,recreational,0.009514480497267648
1591,recurring,0.008206228142153835
1592,red,0.05813658935727757
1593,redemptive,0.012089687260759943
1594,redemptor,0.009514480497267648
1595,reduced,0.04344496278681094
1596,reduction,0.02172248139340547
1597,refer,0.03930945814994073
1598,reference,0.012089687260759943
1599,reflect,0.01637461675359569
1600,reflected,0.010861240696702735
1601,reflecting,0.014866994038353155
1602,reform,0.04740062212400861
1603,reformed,0.04587458500969799
1604,regard,0.008206228142153835
1605,regarding,0.03396456477565653
1606,regardless,0.009514480497267648
1607,region,0.008206228142153835
1608,regular,0.030000204757329008
1609,regularly,0.012089687260759943
1610,regulated,0.016439003563322035
1611,regulative,0.008206228142153835
1612,reign,0.008206228142153835
1613,reject,0.025236063568888044
1614,rejoicing,0.012089687260759943
1615,relate,0.010861240696702735
1616,related,0.04394635821757044
1617,relation,0.008206228142153835
1618,relative,0.008206228142153835
1619,relaxed,0.020757377786104016
1620,release,0.009514480497267648
1621,reliance,0.008206228142153835
1622,religion,0.020866310562625223
1623,religious,0.054295351312658544
1624,religiously,0.009514480497267648
1625,remain,0.04500184798024959
1626,remains,0.03727410423481093
1627,remarkable,0.009514480497267648
1628,remember,0.018615330374412407
1629,remembrance,0.03188558153229751
1630,remind,0.014866994038353155
1631,removed,0.019028960994535295
1632,renew,0.014866994038353155
1633,renewal,0.0325837220901082
1634,reoccur,0.012089687260759943
1635,repair,0.009514480497267648
1636,reparation,0.062496341306250786
1637,repast,0.009514480497267648
1638,repeated,0.02197317910878522
1639,repentance,0.0325837220901082
1640,replenish,0.014866994038353155
1641,report,0.012089687260759943
1642,repose,0.02973398807670631
1643,reposition,0.014866994038353155
1644,represent,0.008206228142153835
1645,representative,0.009514480497267648
1646,republic,0.038893725044565494
1647,request,0.019028960994535295
1648,require,0.016439003563322035
1649,requirement,0.020866310562625223
1650,resemblance,0.009514480497267648
1651,reserved,0.009514480497267648
1652,residential,0.014866994038353155
1653,resin,0.014866994038353155
1654,resolved,0.014296956151630428
1655,resource,0.010861240696702735
1656,respect,0.021824364278397942
1657,respective,0.014866994038353155
1658,respectively,0.028196322754430708
1659,respond,0.009514480497267648
1660,response,0.019141664580231962
1661,rest,0.028273982961311592
1662,restoration,0.014866994038353155
1663,restrict,0.010861240696702735
1664,restricted,0.019028960994535295
1665,restriction,0.010861240696702735
1666,result,0.014296956151630428
1667,resulting,0.010861240696702735
1668,resurrection,0.2121050150110326
1669,retail,0.02197317910878522
1670,retain,0.02973398807670631
1671,retired,0.008206228142153835
1672,return,0.016439003563322035
1673,returned,0.03179144947763162
1674,rev,0.008206228142153835
1675,revelation,0.012089687260759943
1676,revenge,0.012089687260759943
1677,reversed,0.012089687260759943
1678,revisit,0.009514480497267648
1679,rice,0.021748480739056823
1680,rich,0.017430106516274843
1681,rid,0.008206228142153835
1682,ridden,0.024179374521519886
1683,riding,0.03626906178227983
1684,right,0.027183990075394897
1685,righteous,0.017430106516274843
1686,righteously,0.008206228142153835
1687,ringing,0.014866994038353155
1688,riot,0.009514480497267648
1689,rise,0.014866994038353155
1690,risen,0.027538422540581704
1691,rite,0.15169699246162602
1692,ritual,0.023549010260791196
1693,ritualistic,0.012089687260759943
1694,ritually,0.012089687260759943
1695,rock,0.019028960994535295
1696,rocket,0.01641245628430767
1697,rode,0.03626906178227983
1698,rogation,0.010861240696702735
1699,rohan,0.009514480497267648
1700,role,0.017430106516274843
1701,roll,0.008206228142153835
1702,rolled,0.009514480497267648
1703,room,0.008206228142153835
1704,rooster,0.012089687260759943
1705,roosters,0.012089687260759943
1706,rooted,0.02172248139340547
1707,roughly,0.017430106516274843
1708,round,0.020757377786104016
1709,route,0.012089687260759943
1710,royal,0.08971735223989385
1711,rule,0.010861240696702735
1712,ruler,0.009514480497267648
1713,ruling,0.008206228142153835
1714,rung,0.019028960994535295
1715,russia,0.024179374521519886
1716,sabbath,0.02411522652047683
1717,sacrament,0.07975741148343485
1718,sacred,0.014866994038353155
1719,sacrifice,0.039080244989274385
1720,sacrificial,0.009514480497267648
1721,sad,0.009514480497267648
1722,said,0.051701810330979925
1723,saint,0.08044476772955035
1724,sake,0.009514480497267648
1725,sale,0.014866994038353155
1726,salt,0.016439003563322035
1727,salvation,0.02197317910878522
1728,sanctify,0.010861240696702735
1729,sanctity,0.014866994038353155
1730,sanctuary,0.1010597373444248
1731,save,0.019028960994535295
1732,saved,0.010861240696702735
1733,saving,0.009514480497267648
1734,savior,0.03278255243058443
1735,saw,0.008206228142153835
1736,saying,0.009514480497267648
1737,scarlet,0.012089687260759943
1738,scatter,0.012089687260759943
1739,scattered,0.034860213032549686
1740,scenery,0.012089687260759943
1741,schismatic,0.008206228142153835
1742,scholarship,0.008206228142153835
1743,school,0.042699489008555934
1744,schwarz,0.024179374521519886
1745,scientific,0.008206228142153835
1746,scourging,0.009514480497267648
1747,scripture,0.016439003563322035
1748,se,0.012089687260759943
1749,season,0.0556192431736935
1750,seated,0.009514480497267648
1751,second,0.0711097886644323
1752,secondary,0.012089687260759943
1753,secondly,0.010861240696702735
1754,secret,0.019028960994535295
1755,sector,0.021824364278397942
1756,secular,0.009514480497267648
1757,see,0.05878439349845242
1758,seed,0.012089687260759943
1759,seeing,0.008206228142153835
1760,seen,0.03805792198907059
1761,selected,0.014866994038353155
1762,sell,0.009514480497267648
1763,senior,0.014866994038353155
1764,sense,0.03448637936400626
1765,sent,0.025106329473429636
1766,sentence,0.02854344149180294
1767,separate,0.014866994038353155
1768,separation,0.010861240696702735
1769,septuagint,0.009514480497267648
1770,series,0.02854344149180294
1771,sermon,0.009514480497267648
1772,servant,0.009514480497267648
1773,service,0.3117529917688977
1774,set,0.04361781345041274
1775,setting,0.01641245628430767
1776,seven,0.09168477099729563
1777,seventh,0.019028960994535295
1778,several,0.01641245628430767
1779,shadow,0.009514480497267648
1780,shall,0.02172248139340547
1781,shamrock,0.012089687260759943
1782,share,0.018615330374412407
1783,shear,0.014866994038353155
1784,shed,0.01641245628430767
1785,sheep,0.010861240696702735
1786,sheer,0.02973398807670631
1787,sheet,0.019028960994535295
1788,shellfish,0.0325837220901082
1789,shelter,0.009514480497267648
1790,shepherd,0.014866994038353155
1791,shift,0.012089687260759943
1792,shopping,0.025236063568888044
1793,short,0.025106329473429636
1794,shorter,0.01967082013709156
1795,shortly,0.01967082013709156
1796,show,0.02854344149180294
1797,showing,0.024179374521519886
1798,shown,0.009514480497267648
1799,shroud,0.02854344149180294
1800,shrove,0.012089687260759943
1801,sick,0.06711811260962097
1802,side,0.019028960994535295
1803,sides,0.008206228142153835
1804,sign,0.017430106516274843
1805,significance,0.021824364278397942
1806,significant,0.009514480497267648
1807,signify,0.014866994038353155
1808,silence,0.019028960994535295
1809,silent,0.041737562629693734
1810,silently,0.009514480497267648
1811,silver,0.017430106516274843
1812,similar,0.06024076651519937
1813,similarly,0.009514480497267648
1814,simple,0.009514480497267648
1815,simplex,0.009514480497267648
1816,simply,0.030998156011842994
1817,sin,0.02172248139340547
1818,since,0.06206774978311272
1819,sinful,0.010861240696702735
1820,sing,0.03150236429817688
1821,singing,0.03716907906217223
1822,single,0.008206228142153835
1823,singular,0.009514480497267648
1824,site,0.02854344149180294
1825,situation,0.010861240696702735
1826,six,0.029016361889422637
1827,sixth,0.02854344149180294
1828,sixtieth,0.0325837220901082
1829,size,0.012089687260759943
1830,sketch,0.014866994038353155
1831,skiing,0.008206228142153835
1832,skull,0.009514480497267648
1833,slander,0.010861240696702735
1834,slavery,0.008206228142153835
1835,sleep,0.008206228142153835
1836,slightly,0.010861240696702735
1837,slowly,0.014866994038353155
1838,small,0.05391072560973072
1839,smaller,0.029016361889422637
1840,smell,0.014866994038353155
1841,snack,0.010861240696702735
1842,society,0.008206228142153835
1843,solar,0.04103114071076918
1844,soldier,0.009514480497267648
1845,solemn,0.06556510486116886
1846,solemnity,0.03287800712664407
1847,solemnly,0.009514480497267648
1848,solid,0.02172248139340547
1849,soma,0.009514480497267648
1850,somber,0.01967082013709156
1851,someone,0.017430106516274843
1852,something,0.0185166641652873
1853,sometimes,0.06080780736246233
1854,somewhat,0.009514480497267648
1855,son,0.0587830428341202
1856,song,0.009514480497267648
1857,soon,0.01641245628430767
1858,sorrow,0.009514480497267648
1859,sorrowful,0.012089687260759943
1860,sort,0.016439003563322035
1861,soul,0.02520178416948928
1862,sound,0.009514480497267648
1863,source,0.03847752995783932
1864,south,0.05325272839632933
1865,southern,0.024179374521519886
1866,sovereign,0.014866994038353155
1867,sovereignty,0.009514480497267648
1868,speak,0.020757377786104016
1869,speaking,0.014296956151630428
1870,spear,0.009514480497267648
1871,special,0.08781768135556778
1872,specially,0.014866994038353155
1873,species,0.0185166641652873
1874,specific,0.02411522652047683
1875,specification,0.010861240696702735
1876,specify,0.016439003563322035
1877,spelling,0.014866994038353155
1878,spend,0.009514480497267648
1879,spirit,0.03993101478084325
1880,spiritual,0.04268800899507098
1881,spiritually,0.008206228142153835
1882,spitting,0.009514480497267648
1883,splash,0.012089687260759943
1884,spoke,0.009514480497267648
1885,sponsor,0.010861240696702735
1886,spoon,0.014866994038353155
1887,spreading,0.012089687260759943
1888,spring,0.06278811747853673
1889,sprinkled,0.009514480497267648
1890,spruce,0.024179374521519886
1891,spy,0.020917689346106064
1892,st,0.11785360902193064
1893,staff,0.009514480497267648
1894,staged,0.009514480497267648
1895,stand,0.030797120586139468
1896,standing,0.009514480497267648
1897,start,0.014296956151630428
1898,starting,0.05062922718471268
1899,stasis,0.009514480497267648
1900,state,0.10028188158935394
1901,statement,0.029520158392271262
1902,station,0.014866994038353155
1903,statue,0.026128500312715745
1904,statute,0.015383513800642883
1905,statutory,0.020917689346106064
1906,stay,0.014866994038353155
1907,steam,0.014866994038353155
1908,stem,0.012089687260759943
1909,still,0.03365596995769487
1910,stiller,0.009514480497267648
1911,stirring,0.009514480497267648
1912,stock,0.014296956151630428
1913,stone,0.014866994038353155
1914,stoned,0.012089687260759943
1915,stood,0.03166541731702833
1916,story,0.014296956151630428
1917,stranger,0.009514480497267648
1918,straw,0.012089687260759943
1919,street,0.017430106516274843
1920,streets,0.014866994038353155
1921,strength,0.010861240696702735
1922,strewn,0.04835874904303977
1923,strict,0.02411522652047683
1924,strictly,0.009514480497267648
1925,stringently,0.009514480497267648
1926,stripped,0.03166541731702833
1927,stripping,0.01967082013709156
1928,strive,0.014866994038353155
1929,stroke,0.008206228142153835
1930,strong,0.019028960994535295
1931,strongly,0.024179374521519886
1932,strophic,0.009514480497267648
1933,struck,0.014866994038353155
1934,style,0.014296956151630428
1935,subject,0.008206228142153835
1936,subsequent,0.024618684426461503
1937,subsequently,0.008206228142153835
1938,substitute,0.020866310562625223
1939,substituted,0.020757377786104016
1940,substituting,0.009514480497267648
1941,substitution,0.027279444771454546
1942,success,0.009514480497267648
1943,succinctly,0.008206228142153835
1944,suffer,0.017430106516274843
1945,suffering,0.060876154269586494
1946,suggesting,0.010861240696702735
1947,suicide,0.009514480497267648
1948,summary,0.010861240696702735
1949,summit,0.008206228142153835
1950,sun,0.01637461675359569
1951,sundown,0.012089687260759943
1952,sung,0.08875682675148468
1953,sunrise,0.024618684426461503
1954,sunset,0.03287800712664407
1955,sunt,0.009514480497267648
1956,super,0.024179374521519886
1957,supernatural,0.008206228142153835
1958,supper,0.1527938262833864
1959,support,0.03191137068443116
1960,supporting,0.010861240696702735
1961,supposedly,0.014866994038353155
1962,supreme,0.012089687260759943
1963,supremely,0.008206228142153835
1964,survey,0.009514480497267648
1965,surviving,0.012089687260759943
1966,sweat,0.009514480497267648
1967,sweating,0.014866994038353155
1968,sweep,0.009514480497267648
1969,sweet,0.03166541731702833
1970,switch,0.021748480739056823
1971,switched,0.008206228142153835
1972,swooned,0.009514480497267648
1973,symbol,0.07909436586852084
1974,symbolism,0.04425418293645415
1975,symbolize,0.012089687260759943
1976,synaxarion,0.008206228142153835
1977,synonym,0.014866994038353155
1978,synoptic,0.02904481688750847
1979,system,0.031856796763363684
1980,ta,0.012089687260759943
1981,table,0.020917689346106064
1982,tableau,0.009514480497267648
1983,tableaux,0.009514480497267648
1984,tables,0.01641245628430767
1985,take,0.10579239890549855
1986,taken,0.08178665582805286
1987,taking,0.04433350781994068
1988,tandem,0.010861240696702735
1989,tapis,0.012089687260759943
1990,taste,0.010861240696702735
1991,taught,0.02172248139340547
1992,teach,0.014866994038353155
1993,technically,0.010861240696702735
1994,technology,0.010861240696702735
1995,television,0.01967082013709156
1996,tell,0.009514480497267648
1997,temperance,0.010861240696702735
1998,temple,0.04253643598970448
1999,tender,0.03150236429817688
2000,tenderness,0.009514480497267648
2001,tenth,0.010861240696702735
2002,tercet,0.019028960994535295
2003,term,0.15436519579518057
2004,terrestrial,0.014866994038353155
2005,territory,0.03805792198907059
2006,testament,0.03650523630969928
2007,testimony,0.014296956151630428
2008,text,0.02174246241194072
2009,th,0.17837579298065973
2010,thanksgiving,0.010861240696702735
2011,thats,0.012089687260759943
2012,thee,0.03438176128575459
2013,theological,0.008206228142153835
2014,theology,0.008206228142153835
2015,theorize,0.014866994038353155
2016,therefore,0.020917689346106064
2017,therein,0.010861240696702735
2018,thief,0.027347043094246352
2019,thine,0.01967082013709156
2020,third,0.04289086845489129
2021,thirdly,0.010861240696702735
2022,thirst,0.010861240696702735
2023,thou,0.027183990075394897
2024,though,0.032048236929541264
2025,thought,0.017430106516274843
2026,three,0.20069606169624302
2027,thrice,0.012089687260759943
2028,throne,0.012089687260759943
2029,throughout,0.10272167993094884
2030,thrown,0.012089687260759943
2031,thus,0.08310227058878376
2032,thy,0.09239136175841839
2033,tide,0.009514480497267648
2034,tie,0.012089687260759943
2035,tied,0.0185166641652873
2036,till,0.021748480739056823
2037,time,0.13666874637627938
2038,timed,0.01641245628430767
2039,times,0.08275634342400974
2040,timor,0.012089687260759943
2041,tithing,0.010861240696702735
2042,today,0.05243496491982852
2043,toga,0.012089687260759943
2044,together,0.03508510188045477
2045,told,0.03805792198907059
2046,tolerant,0.008206228142153835
2047,tomb,0.17895190215831921
2048,tone,0.019028960994535295
2049,tongue,0.010861240696702735
2050,took,0.03441695375582392
2051,top,0.009514480497267648
2052,torn,0.009514480497267648
2053,torture,0.009514480497267648
2054,totally,0.012089687260759943
2055,tour,0.012089687260759943
2056,tourism,0.009514480497267648
2057,toward,0.025327103111555845
2058,towards,0.009514480497267648
2059,town,0.024179374521519886
2060,trade,0.012089687260759943
2061,trading,0.019028960994535295
2062,tradition,0.1800212658346795
2063,traditional,0.0969981328056384
2064,traditionally,0.08714088146027393
2065,transfer,0.016439003563322035
2066,transferred,0.014866994038353155
2067,transgressor,0.010861240696702735
2068,translate,0.008206228142153835
2069,translation,0.009514480497267648
2070,transliteration,0.014866994038353155
2071,travel,0.008206228142153835
2072,traveled,0.010861240696702735
2073,traveling,0.010861240696702735
2074,treat,0.009514480497267648
2075,treatise,0.008206228142153835
2076,tree,0.02983906687036675
2077,trend,0.014866994038353155
2078,triduum,0.04723336925641101
2079,tried,0.008206228142153835
2080,trinity,0.017430106516274843
2081,triodion,0.008206228142153835
2082,triple,0.008206228142153835
2083,triumph,0.046691757193635004
2084,triumphal,0.060448436303799716
2085,triumphant,0.012089687260759943
2086,triumphator,0.012089687260759943
2087,triumphing,0.012089687260759943
2088,troparion,0.030797120586139468
2089,true,0.03396456477565653
2090,truly,0.017430106516274843
2091,trust,0.01641245628430767
2092,try,0.010861240696702735
2093,tsar,0.03626906178227983
2094,twelve,0.08150743952357473
2095,two,0.09324021029635604
2096,type,0.010861240696702735
2097,typica,0.009514480497267648
2098,typical,0.018615330374412407
2099,typically,0.02447837680592587
2100,ultimately,0.008206228142153835
2101,unable,0.02854344149180294
2102,unanimous,0.008206228142153835
2103,unceasing,0.009514480497267648
2104,unction,0.014866994038353155
2105,understanding,0.009514480497267648
2106,understood,0.009514480497267648
2107,undisputed,0.008206228142153835
2108,undue,0.012089687260759943
2109,unearthed,0.008206228142153835
2110,uneducated,0.014866994038353155
2111,unexempted,0.009514480497267648
2112,unfavorable,0.012089687260759943
2113,uniformity,0.01641245628430767
2114,unique,0.02854344149180294
2115,uniquely,0.009514480497267648
2116,united,0.14543431855711458
2117,unity,0.009514480497267648
2118,universal,0.015383513800642883
2119,universally,0.030000204757329008
2120,universe,0.012089687260759943
2121,unknown,0.014296956151630428
2122,unleavened,0.030609927554349176
2123,unless,0.042727345381823774
2124,unlike,0.012089687260759943
2125,unlikely,0.008206228142153835
2126,unmodified,0.008206228142153835
2127,unto,0.02360245712916259
2128,untouched,0.010861240696702735
2129,unveiled,0.019028960994535295
2130,unwilling,0.010861240696702735
2131,upcoming,0.021748480739056823
2132,upon,0.08203798192629952
2133,upper,0.008206228142153835
2134,upwards,0.012089687260759943
2135,urban,0.014866994038353155
2136,urge,0.010861240696702735
2137,us,0.12551608630746994
2138,usage,0.021748480739056823
2139,use,0.08523430495234931
2140,used,0.28129837639138106
2141,useful,0.010861240696702735
2142,usual,0.027347043094246352
2143,usually,0.08134015604509545
2144,ut,0.014866994038353155
2145,valid,0.009514480497267648
2146,variation,0.012089687260759943
2147,varied,0.010861240696702735
2148,various,0.0449783894017517
2149,variously,0.008206228142153835
2150,vary,0.02822211190656436
2151,vast,0.009514480497267648
2152,veil,0.009514480497267648
2153,veiled,0.027347043094246352
2154,venerate,0.042699489008555934
2155,veneration,0.042699489008555934
2156,verb,0.014866994038353155
2157,vernacular,0.012089687260759943
2158,vernal,0.009514480497267648
2159,verse,0.02411522652047683
2160,vespers,0.05726879735817693
2161,vessel,0.02973398807670631
2162,vesture,0.009514480497267648
2163,victor,0.024618684426461503
2164,victorious,0.012089687260759943
2165,victory,0.04563626743095585
2166,view,0.015383513800642883
2167,vigil,0.12478514454781327
2168,village,0.014866994038353155
2169,violation,0.008206228142153835
2170,violet,0.009514480497267648
2171,virgin,0.05805193492286552
2172,visible,0.01641245628430767
2173,visit,0.044600982115059466
2174,visita,0.014866994038353155
2175,visitation,0.03166541731702833
2176,visiting,0.056741169325914324
2177,visual,0.009514480497267648
2178,volume,0.01641245628430767
2179,voluntarily,0.010861240696702735
2180,waist,0.009514480497267648
2181,waiting,0.009514480497267648
2182,wake,0.008206228142153835
2183,walk,0.04563626743095585
2184,walking,0.014866994038353155
2185,wall,0.012089687260759943
2186,war,0.03626906178227983
2187,warner,0.012089687260759943
2188,wash,0.014866994038353155
2189,washed,0.009514480497267648
2190,washing,0.193270922498591
2191,watch,0.019028960994535295
2192,water,0.07553914097890772
2193,waved,0.012089687260759943
2194,waving,0.012089687260759943
2195,way,0.06409613139845034
2196,ways,0.015383513800642883
2197,wealth,0.009514480497267648
2198,wear,0.017430106516274843
2199,wearing,0.009514480497267648
2200,week,0.2741686355357846
2201,weekly,0.010861240696702735
2202,weeps,0.012089687260759943
2203,weight,0.009514480497267648
2204,welcoming,0.024179374521519886
2205,well,0.11256437562487004
2206,welsh,0.04075371976178736
2207,went,0.019028960994535295
2208,wept,0.012089687260759943
2209,west,0.014296956151630428
2210,western,0.14707741439815408
2211,whatever,0.012089687260759943
2212,whence,0.010861240696702735
2213,whereas,0.012089687260759943
2214,wherefore,0.012089687260759943
2215,whether,0.01967082013709156
2216,whipped,0.009514480497267648
2217,white,0.07392726249130378
2218,whiten,0.012089687260759943
2219,whole,0.030530754520596837
2220,whomever,0.009514480497267648
2221,whose,0.02753693640462761
2222,wide,0.010861240696702735
2223,widely,0.03627013526041565
2224,widespread,0.008206228142153835
2225,wife,0.009514480497267648
2226,willow,0.09671749808607955
2227,winding,0.019028960994535295
2228,window,0.008206228142153835
2229,wine,0.029838669154520915
2230,winter,0.012089687260759943
2231,wise,0.009514480497267648
2232,wish,0.0185166641652873
2233,wished,0.008206228142153835
2234,wishing,0.01637461675359569
2235,witch,0.012089687260759943
2236,within,0.029649402065940012
2237,without,0.038257540008330274
2238,woman,0.014866994038353155
2239,wondrous,0.009514480497267648
2240,wood,0.009514480497267648
2241,woodcut,0.014866994038353155
2242,wooden,0.060531569378254546
2243,word,0.13925768211498862
2244,wore,0.012089687260759943
2245,worked,0.024618684426461503
2246,working,0.008206228142153835
2247,works,0.03368946353519581
2248,workshop,0.009514480497267648
2249,world,0.07697614159592031
2250,worldly,0.009514480497267648
2251,worn,0.024179374521519886
2252,worship,0.0703855667072172
2253,worthy,0.017430106516274843
2254,would,0.08970811288597218
2255,wounds,0.009514480497267648
2256,woven,0.04835874904303977
2257,wrap,0.009514480497267648
2258,wrapped,0.04757240248633824
2259,writing,0.008206228142153835
2260,written,0.019028960994535295
2261,wrong,0.009514480497267648
2262,wrote,0.035245713384069795
2263,xi,0.016439003563322035
2264,ye,0.010861240696702735
2265,year,0.22444301697602662
2266,yearly,0.008206228142153835
2267,yeast,0.008206228142153835
2268,yet,0.009514480497267648
2269,yew,0.04835874904303977
2270,young,0.030597410358993125
